2026-09-20 19:00:45.454 | INFO     | logging:callHandlers:1737 - Serving on http://0.0.0.0:8080
2026-09-22 20:17:27.342 | INFO     | logging:callHandlers:1737 - Serving on http://0.0.0.0:8080
2026-09-22 20:17:40.898 | WARNING  | logging:callHandlers:1737 - Task queue depth is 1
2026-09-22 20:29:42.191 | INFO     | core.views_reports:reports:37 - Generating reports for user Casal
2026-09-22 20:29:58.392 | INFO     | core.views_reports:reports:37 - Generating reports for user Casal
2026-09-27 11:16:17.560 | INFO     | logging:callHandlers:1737 - Serving on http://0.0.0.0:8080
2026-09-27 11:27:07.662 | INFO     | core.views_reports:reports:37 - Generating reports for user Casal
2026-09-27 11:39:02.387 | INFO     | core.views_reports:reports:37 - Generating reports for user testuser
2026-09-27 11:39:09.434 | ERROR    | logging:callHandlers:1737 - Internal Server Error: /loans/1/pay/
Traceback (most recent call last):

  File "C:\dev\MeuPortfolio\finanças\manage.py", line 22, in <module>
    main()

  File "C:\dev\MeuPortfolio\finanças\manage.py", line 18, in main
    execute_from_command_line(sys.argv)

  File "C:\Users\tassi\AppData\Local\Packages\PythonSoftwareFoundation.Python.3.13_qbz5n2kfra8p0\LocalCache\local-packages\Python313\site-packages\django\core\management\__init__.py", line 442, in execute_from_command_line
    utility.execute()
  File "C:\Users\tassi\AppData\Local\Packages\PythonSoftwareFoundation.Python.3.13_qbz5n2kfra8p0\LocalCache\local-packages\Python313\site-packages\django\core\management\__init__.py", line 436, in execute
    self.fetch_command(subcommand).run_from_argv(self.argv)
  File "C:\Users\tassi\AppData\Local\Packages\PythonSoftwareFoundation.Python.3.13_qbz5n2kfra8p0\LocalCache\local-packages\Python313\site-packages\django\core\management\commands\test.py", line 24, in run_from_argv
    super().run_from_argv(argv)
  File "C:\Users\tassi\AppData\Local\Packages\PythonSoftwareFoundation.Python.3.13_qbz5n2kfra8p0\LocalCache\local-packages\Python313\site-packages\django\core\management\base.py", line 413, in run_from_argv
    self.execute(*args, **cmd_options)
  File "C:\Users\tassi\AppData\Local\Packages\PythonSoftwareFoundation.Python.3.13_qbz5n2kfra8p0\LocalCache\local-packages\Python313\site-packages\django\core\management\base.py", line 459, in execute
    output = self.handle(*args, **options)
  File "C:\Users\tassi\AppData\Local\Packages\PythonSoftwareFoundation.Python.3.13_qbz5n2kfra8p0\LocalCache\local-packages\Python313\site-packages\django\core\management\commands\test.py", line 63, in handle
    failures = test_runner.run_tests(test_labels)
  File "C:\Users\tassi\AppData\Local\Packages\PythonSoftwareFoundation.Python.3.13_qbz5n2kfra8p0\LocalCache\local-packages\Python313\site-packages\django\test\runner.py", line 1073, in run_tests
    result = self.run_suite(suite)
  File "C:\Users\tassi\AppData\Local\Packages\PythonSoftwareFoundation.Python.3.13_qbz5n2kfra8p0\LocalCache\local-packages\Python313\site-packages\django\test\runner.py", line 1000, in run_suite
    return runner.run(suite)
  File "C:\Program Files\WindowsApps\PythonSoftwareFoundation.Python.3.13_3.13.3824.0_x64__qbz5n2kfra8p0\Lib\unittest\runner.py", line 240, in run
    test(result)
  File "C:\Program Files\WindowsApps\PythonSoftwareFoundation.Python.3.13_3.13.3824.0_x64__qbz5n2kfra8p0\Lib\unittest\suite.py", line 84, in __call__
    return self.run(*args, **kwds)
  File "C:\Program Files\WindowsApps\PythonSoftwareFoundation.Python.3.13_3.13.3824.0_x64__qbz5n2kfra8p0\Lib\unittest\suite.py", line 122, in run
    test(result)
  File "C:\Users\tassi\AppData\Local\Packages\PythonSoftwareFoundation.Python.3.13_qbz5n2kfra8p0\LocalCache\local-packages\Python313\site-packages\django\test\testcases.py", line 317, in __call__
    self._setup_and_call(result)
  File "C:\Users\tassi\AppData\Local\Packages\PythonSoftwareFoundation.Python.3.13_qbz5n2kfra8p0\LocalCache\local-packages\Python313\site-packages\django\test\testcases.py", line 369, in _setup_and_call
    super().__call__(result)
  File "C:\Program Files\WindowsApps\PythonSoftwareFoundation.Python.3.13_3.13.3824.0_x64__qbz5n2kfra8p0\Lib\unittest\case.py", line 707, in __call__
    return self.run(*args, **kwds)
  File "C:\Program Files\WindowsApps\PythonSoftwareFoundation.Python.3.13_3.13.3824.0_x64__qbz5n2kfra8p0\Lib\unittest\case.py", line 651, in run
    self._callTestMethod(testMethod)
  File "C:\Program Files\WindowsApps\PythonSoftwareFoundation.Python.3.13_3.13.3824.0_x64__qbz5n2kfra8p0\Lib\unittest\case.py", line 606, in _callTestMethod
    if method() is not None:

  File "C:\dev\MeuPortfolio\finanças\core\tests_atomicity.py", line 50, in test_failed_payment_does_not_change_loan_balance
    self.client.post(reverse("loan_pay", args=[self.loan.pk]), {

  File "C:\Users\tassi\AppData\Local\Packages\PythonSoftwareFoundation.Python.3.13_qbz5n2kfra8p0\LocalCache\local-packages\Python313\site-packages\django\test\client.py", line 1158, in post
    response = super().post(
  File "C:\Users\tassi\AppData\Local\Packages\PythonSoftwareFoundation.Python.3.13_qbz5n2kfra8p0\LocalCache\local-packages\Python313\site-packages\django\test\client.py", line 503, in post
    return self.generic(
  File "C:\Users\tassi\AppData\Local\Packages\PythonSoftwareFoundation.Python.3.13_qbz5n2kfra8p0\LocalCache\local-packages\Python313\site-packages\django\test\client.py", line 676, in generic
    return self.request(**r)
  File "C:\Users\tassi\AppData\Local\Packages\PythonSoftwareFoundation.Python.3.13_qbz5n2kfra8p0\LocalCache\local-packages\Python313\site-packages\django\test\client.py", line 1087, in request
    response = self.handler(environ)
  File "C:\Users\tassi\AppData\Local\Packages\PythonSoftwareFoundation.Python.3.13_qbz5n2kfra8p0\LocalCache\local-packages\Python313\site-packages\django\test\client.py", line 186, in __call__
    response = self.get_response(request)
  File "C:\Users\tassi\AppData\Local\Packages\PythonSoftwareFoundation.Python.3.13_qbz5n2kfra8p0\LocalCache\local-packages\Python313\site-packages\django\core\handlers\base.py", line 140, in get_response
    response = self._middleware_chain(request)
  File "C:\Users\tassi\AppData\Local\Packages\PythonSoftwareFoundation.Python.3.13_qbz5n2kfra8p0\LocalCache\local-packages\Python313\site-packages\django\core\handlers\exception.py", line 55, in inner
    response = get_response(request)
  File "C:\Users\tassi\AppData\Local\Packages\PythonSoftwareFoundation.Python.3.13_qbz5n2kfra8p0\LocalCache\local-packages\Python313\site-packages\django\utils\deprecation.py", line 129, in __call__
    response = response or self.get_response(request)
  File "C:\Users\tassi\AppData\Local\Packages\PythonSoftwareFoundation.Python.3.13_qbz5n2kfra8p0\LocalCache\local-packages\Python313\site-packages\django\core\handlers\exception.py", line 55, in inner
    response = get_response(request)
  File "C:\Users\tassi\AppData\Local\Packages\PythonSoftwareFoundation.Python.3.13_qbz5n2kfra8p0\LocalCache\local-packages\Python313\site-packages\whitenoise\middleware.py", line 123, in __call__
    return self.get_response(request)
  File "C:\Users\tassi\AppData\Local\Packages\PythonSoftwareFoundation.Python.3.13_qbz5n2kfra8p0\LocalCache\local-packages\Python313\site-packages\django\core\handlers\exception.py", line 55, in inner
    response = get_response(request)
  File "C:\Users\tassi\AppData\Local\Packages\PythonSoftwareFoundation.Python.3.13_qbz5n2kfra8p0\LocalCache\local-packages\Python313\site-packages\django\utils\deprecation.py", line 129, in __call__
    response = response or self.get_response(request)
  File "C:\Users\tassi\AppData\Local\Packages\PythonSoftwareFoundation.Python.3.13_qbz5n2kfra8p0\LocalCache\local-packages\Python313\site-packages\django\core\handlers\exception.py", line 55, in inner
    response = get_response(request)
  File "C:\Users\tassi\AppData\Local\Packages\PythonSoftwareFoundation.Python.3.13_qbz5n2kfra8p0\LocalCache\local-packages\Python313\site-packages\django\utils\deprecation.py", line 129, in __call__
    response = response or self.get_response(request)
  File "C:\Users\tassi\AppData\Local\Packages\PythonSoftwareFoundation.Python.3.13_qbz5n2kfra8p0\LocalCache\local-packages\Python313\site-packages\django\core\handlers\exception.py", line 55, in inner
    response = get_response(request)
  File "C:\Users\tassi\AppData\Local\Packages\PythonSoftwareFoundation.Python.3.13_qbz5n2kfra8p0\LocalCache\local-packages\Python313\site-packages\django\utils\deprecation.py", line 129, in __call__
    response = response or self.get_response(request)
  File "C:\Users\tassi\AppData\Local\Packages\PythonSoftwareFoundation.Python.3.13_qbz5n2kfra8p0\LocalCache\local-packages\Python313\site-packages\django\core\handlers\exception.py", line 55, in inner
    response = get_response(request)
  File "C:\Users\tassi\AppData\Local\Packages\PythonSoftwareFoundation.Python.3.13_qbz5n2kfra8p0\LocalCache\local-packages\Python313\site-packages\django\utils\deprecation.py", line 129, in __call__
    response = response or self.get_response(request)
  File "C:\Users\tassi\AppData\Local\Packages\PythonSoftwareFoundation.Python.3.13_qbz5n2kfra8p0\LocalCache\local-packages\Python313\site-packages\django\core\handlers\exception.py", line 55, in inner
    response = get_response(request)
  File "C:\Users\tassi\AppData\Local\Packages\PythonSoftwareFoundation.Python.3.13_qbz5n2kfra8p0\LocalCache\local-packages\Python313\site-packages\django\utils\deprecation.py", line 129, in __call__
    response = response or self.get_response(request)
  File "C:\Users\tassi\AppData\Local\Packages\PythonSoftwareFoundation.Python.3.13_qbz5n2kfra8p0\LocalCache\local-packages\Python313\site-packages\django\core\handlers\exception.py", line 55, in inner
    response = get_response(request)
  File "C:\Users\tassi\AppData\Local\Packages\PythonSoftwareFoundation.Python.3.13_qbz5n2kfra8p0\LocalCache\local-packages\Python313\site-packages\django\utils\deprecation.py", line 129, in __call__
    response = response or self.get_response(request)
> File "C:\Users\tassi\AppData\Local\Packages\PythonSoftwareFoundation.Python.3.13_qbz5n2kfra8p0\LocalCache\local-packages\Python313\site-packages\django\core\handlers\exception.py", line 55, in inner
    response = get_response(request)
  File "C:\Users\tassi\AppData\Local\Packages\PythonSoftwareFoundation.Python.3.13_qbz5n2kfra8p0\LocalCache\local-packages\Python313\site-packages\django\core\handlers\base.py", line 197, in _get_response
    response = wrapped_callback(request, *callback_args, **callback_kwargs)
  File "C:\Users\tassi\AppData\Local\Packages\PythonSoftwareFoundation.Python.3.13_qbz5n2kfra8p0\LocalCache\local-packages\Python313\site-packages\django\contrib\auth\decorators.py", line 60, in _view_wrapper
    return view_func(request, *args, **kwargs)

  File "C:\dev\MeuPortfolio\finanças\core\views_loans.py", line 374, in loan_make_payment
    AuditLog.objects.create(

  File "C:\Program Files\WindowsApps\PythonSoftwareFoundation.Python.3.13_3.13.3824.0_x64__qbz5n2kfra8p0\Lib\unittest\mock.py", line 1169, in __call__
    return self._mock_call(*args, **kwargs)
  File "C:\Program Files\WindowsApps\PythonSoftwareFoundation.Python.3.13_3.13.3824.0_x64__qbz5n2kfra8p0\Lib\unittest\mock.py", line 1173, in _mock_call
    return self._execute_mock_call(*args, **kwargs)
  File "C:\Program Files\WindowsApps\PythonSoftwareFoundation.Python.3.13_3.13.3824.0_x64__qbz5n2kfra8p0\Lib\unittest\mock.py", line 1234, in _execute_mock_call
    raise effect

RuntimeError: boom
2026-09-27 11:39:10.957 | ERROR    | logging:callHandlers:1737 - Internal Server Error: /accounts/transfer/
Traceback (most recent call last):

  File "C:\dev\MeuPortfolio\finanças\manage.py", line 22, in <module>
    main()

  File "C:\dev\MeuPortfolio\finanças\manage.py", line 18, in main
    execute_from_command_line(sys.argv)

  File "C:\Users\tassi\AppData\Local\Packages\PythonSoftwareFoundation.Python.3.13_qbz5n2kfra8p0\LocalCache\local-packages\Python313\site-packages\django\core\management\__init__.py", line 442, in execute_from_command_line
    utility.execute()
  File "C:\Users\tassi\AppData\Local\Packages\PythonSoftwareFoundation.Python.3.13_qbz5n2kfra8p0\LocalCache\local-packages\Python313\site-packages\django\core\management\__init__.py", line 436, in execute
    self.fetch_command(subcommand).run_from_argv(self.argv)
  File "C:\Users\tassi\AppData\Local\Packages\PythonSoftwareFoundation.Python.3.13_qbz5n2kfra8p0\LocalCache\local-packages\Python313\site-packages\django\core\management\commands\test.py", line 24, in run_from_argv
    super().run_from_argv(argv)
  File "C:\Users\tassi\AppData\Local\Packages\PythonSoftwareFoundation.Python.3.13_qbz5n2kfra8p0\LocalCache\local-packages\Python313\site-packages\django\core\management\base.py", line 413, in run_from_argv
    self.execute(*args, **cmd_options)
  File "C:\Users\tassi\AppData\Local\Packages\PythonSoftwareFoundation.Python.3.13_qbz5n2kfra8p0\LocalCache\local-packages\Python313\site-packages\django\core\management\base.py", line 459, in execute
    output = self.handle(*args, **options)
  File "C:\Users\tassi\AppData\Local\Packages\PythonSoftwareFoundation.Python.3.13_qbz5n2kfra8p0\LocalCache\local-packages\Python313\site-packages\django\core\management\commands\test.py", line 63, in handle
    failures = test_runner.run_tests(test_labels)
  File "C:\Users\tassi\AppData\Local\Packages\PythonSoftwareFoundation.Python.3.13_qbz5n2kfra8p0\LocalCache\local-packages\Python313\site-packages\django\test\runner.py", line 1073, in run_tests
    result = self.run_suite(suite)
  File "C:\Users\tassi\AppData\Local\Packages\PythonSoftwareFoundation.Python.3.13_qbz5n2kfra8p0\LocalCache\local-packages\Python313\site-packages\django\test\runner.py", line 1000, in run_suite
    return runner.run(suite)
  File "C:\Program Files\WindowsApps\PythonSoftwareFoundation.Python.3.13_3.13.3824.0_x64__qbz5n2kfra8p0\Lib\unittest\runner.py", line 240, in run
    test(result)
  File "C:\Program Files\WindowsApps\PythonSoftwareFoundation.Python.3.13_3.13.3824.0_x64__qbz5n2kfra8p0\Lib\unittest\suite.py", line 84, in __call__
    return self.run(*args, **kwds)
  File "C:\Program Files\WindowsApps\PythonSoftwareFoundation.Python.3.13_3.13.3824.0_x64__qbz5n2kfra8p0\Lib\unittest\suite.py", line 122, in run
    test(result)
  File "C:\Users\tassi\AppData\Local\Packages\PythonSoftwareFoundation.Python.3.13_qbz5n2kfra8p0\LocalCache\local-packages\Python313\site-packages\django\test\testcases.py", line 317, in __call__
    self._setup_and_call(result)
  File "C:\Users\tassi\AppData\Local\Packages\PythonSoftwareFoundation.Python.3.13_qbz5n2kfra8p0\LocalCache\local-packages\Python313\site-packages\django\test\testcases.py", line 369, in _setup_and_call
    super().__call__(result)
  File "C:\Program Files\WindowsApps\PythonSoftwareFoundation.Python.3.13_3.13.3824.0_x64__qbz5n2kfra8p0\Lib\unittest\case.py", line 707, in __call__
    return self.run(*args, **kwds)
  File "C:\Program Files\WindowsApps\PythonSoftwareFoundation.Python.3.13_3.13.3824.0_x64__qbz5n2kfra8p0\Lib\unittest\case.py", line 651, in run
    self._callTestMethod(testMethod)
  File "C:\Program Files\WindowsApps\PythonSoftwareFoundation.Python.3.13_3.13.3824.0_x64__qbz5n2kfra8p0\Lib\unittest\case.py", line 606, in _callTestMethod
    if method() is not None:

  File "C:\dev\MeuPortfolio\finanças\core\tests_atomicity.py", line 22, in test_failed_transfer_does_not_partially_update_balances
    self.client.post(reverse("transfer_create"), {

  File "C:\Users\tassi\AppData\Local\Packages\PythonSoftwareFoundation.Python.3.13_qbz5n2kfra8p0\LocalCache\local-packages\Python313\site-packages\django\test\client.py", line 1158, in post
    response = super().post(
  File "C:\Users\tassi\AppData\Local\Packages\PythonSoftwareFoundation.Python.3.13_qbz5n2kfra8p0\LocalCache\local-packages\Python313\site-packages\django\test\client.py", line 503, in post
    return self.generic(
  File "C:\Users\tassi\AppData\Local\Packages\PythonSoftwareFoundation.Python.3.13_qbz5n2kfra8p0\LocalCache\local-packages\Python313\site-packages\django\test\client.py", line 676, in generic
    return self.request(**r)
  File "C:\Users\tassi\AppData\Local\Packages\PythonSoftwareFoundation.Python.3.13_qbz5n2kfra8p0\LocalCache\local-packages\Python313\site-packages\django\test\client.py", line 1087, in request
    response = self.handler(environ)
  File "C:\Users\tassi\AppData\Local\Packages\PythonSoftwareFoundation.Python.3.13_qbz5n2kfra8p0\LocalCache\local-packages\Python313\site-packages\django\test\client.py", line 186, in __call__
    response = self.get_response(request)
  File "C:\Users\tassi\AppData\Local\Packages\PythonSoftwareFoundation.Python.3.13_qbz5n2kfra8p0\LocalCache\local-packages\Python313\site-packages\django\core\handlers\base.py", line 140, in get_response
    response = self._middleware_chain(request)
  File "C:\Users\tassi\AppData\Local\Packages\PythonSoftwareFoundation.Python.3.13_qbz5n2kfra8p0\LocalCache\local-packages\Python313\site-packages\django\core\handlers\exception.py", line 55, in inner
    response = get_response(request)
  File "C:\Users\tassi\AppData\Local\Packages\PythonSoftwareFoundation.Python.3.13_qbz5n2kfra8p0\LocalCache\local-packages\Python313\site-packages\django\utils\deprecation.py", line 129, in __call__
    response = response or self.get_response(request)
  File "C:\Users\tassi\AppData\Local\Packages\PythonSoftwareFoundation.Python.3.13_qbz5n2kfra8p0\LocalCache\local-packages\Python313\site-packages\django\core\handlers\exception.py", line 55, in inner
    response = get_response(request)
  File "C:\Users\tassi\AppData\Local\Packages\PythonSoftwareFoundation.Python.3.13_qbz5n2kfra8p0\LocalCache\local-packages\Python313\site-packages\whitenoise\middleware.py", line 123, in __call__
    return self.get_response(request)
  File "C:\Users\tassi\AppData\Local\Packages\PythonSoftwareFoundation.Python.3.13_qbz5n2kfra8p0\LocalCache\local-packages\Python313\site-packages\django\core\handlers\exception.py", line 55, in inner
    response = get_response(request)
  File "C:\Users\tassi\AppData\Local\Packages\PythonSoftwareFoundation.Python.3.13_qbz5n2kfra8p0\LocalCache\local-packages\Python313\site-packages\django\utils\deprecation.py", line 129, in __call__
    response = response or self.get_response(request)
  File "C:\Users\tassi\AppData\Local\Packages\PythonSoftwareFoundation.Python.3.13_qbz5n2kfra8p0\LocalCache\local-packages\Python313\site-packages\django\core\handlers\exception.py", line 55, in inner
    response = get_response(request)
  File "C:\Users\tassi\AppData\Local\Packages\PythonSoftwareFoundation.Python.3.13_qbz5n2kfra8p0\LocalCache\local-packages\Python313\site-packages\django\utils\deprecation.py", line 129, in __call__
    response = response or self.get_response(request)
  File "C:\Users\tassi\AppData\Local\Packages\PythonSoftwareFoundation.Python.3.13_qbz5n2kfra8p0\LocalCache\local-packages\Python313\site-packages\django\core\handlers\exception.py", line 55, in inner
    response = get_response(request)
  File "C:\Users\tassi\AppData\Local\Packages\PythonSoftwareFoundation.Python.3.13_qbz5n2kfra8p0\LocalCache\local-packages\Python313\site-packages\django\utils\deprecation.py", line 129, in __call__
    response = response or self.get_response(request)
  File "C:\Users\tassi\AppData\Local\Packages\PythonSoftwareFoundation.Python.3.13_qbz5n2kfra8p0\LocalCache\local-packages\Python313\site-packages\django\core\handlers\exception.py", line 55, in inner
    response = get_response(request)
  File "C:\Users\tassi\AppData\Local\Packages\PythonSoftwareFoundation.Python.3.13_qbz5n2kfra8p0\LocalCache\local-packages\Python313\site-packages\django\utils\deprecation.py", line 129, in __call__
    response = response or self.get_response(request)
  File "C:\Users\tassi\AppData\Local\Packages\PythonSoftwareFoundation.Python.3.13_qbz5n2kfra8p0\LocalCache\local-packages\Python313\site-packages\django\core\handlers\exception.py", line 55, in inner
    response = get_response(request)
  File "C:\Users\tassi\AppData\Local\Packages\PythonSoftwareFoundation.Python.3.13_qbz5n2kfra8p0\LocalCache\local-packages\Python313\site-packages\django\utils\deprecation.py", line 129, in __call__
    response = response or self.get_response(request)
  File "C:\Users\tassi\AppData\Local\Packages\PythonSoftwareFoundation.Python.3.13_qbz5n2kfra8p0\LocalCache\local-packages\Python313\site-packages\django\core\handlers\exception.py", line 55, in inner
    response = get_response(request)
  File "C:\Users\tassi\AppData\Local\Packages\PythonSoftwareFoundation.Python.3.13_qbz5n2kfra8p0\LocalCache\local-packages\Python313\site-packages\django\utils\deprecation.py", line 129, in __call__
    response = response or self.get_response(request)
> File "C:\Users\tassi\AppData\Local\Packages\PythonSoftwareFoundation.Python.3.13_qbz5n2kfra8p0\LocalCache\local-packages\Python313\site-packages\django\core\handlers\exception.py", line 55, in inner
    response = get_response(request)
  File "C:\Users\tassi\AppData\Local\Packages\PythonSoftwareFoundation.Python.3.13_qbz5n2kfra8p0\LocalCache\local-packages\Python313\site-packages\django\core\handlers\base.py", line 197, in _get_response
    response = wrapped_callback(request, *callback_args, **callback_kwargs)
  File "C:\Users\tassi\AppData\Local\Packages\PythonSoftwareFoundation.Python.3.13_qbz5n2kfra8p0\LocalCache\local-packages\Python313\site-packages\django\contrib\auth\decorators.py", line 60, in _view_wrapper
    return view_func(request, *args, **kwargs)

  File "C:\dev\MeuPortfolio\finanças\core\views_accounts.py", line 85, in transfer_create
    AuditLog.objects.create(

  File "C:\Program Files\WindowsApps\PythonSoftwareFoundation.Python.3.13_3.13.3824.0_x64__qbz5n2kfra8p0\Lib\unittest\mock.py", line 1169, in __call__
    return self._mock_call(*args, **kwargs)
  File "C:\Program Files\WindowsApps\PythonSoftwareFoundation.Python.3.13_3.13.3824.0_x64__qbz5n2kfra8p0\Lib\unittest\mock.py", line 1173, in _mock_call
    return self._execute_mock_call(*args, **kwargs)
  File "C:\Program Files\WindowsApps\PythonSoftwareFoundation.Python.3.13_3.13.3824.0_x64__qbz5n2kfra8p0\Lib\unittest\mock.py", line 1234, in _execute_mock_call
    raise effect

RuntimeError: boom
2026-09-27 11:39:40.833 | WARNING  | core.market_data:get_latest_indicator:48 - No data returned for BCB series 432; falling back to 0.0
2026-09-27 11:39:40.836 | WARNING  | core.forms:clean:176 - yfinance name lookup failed for PETR4.SA: yfinance down
2026-09-27 11:40:06.785 | WARNING  | logging:callHandlers:1737 - Method Not Allowed (GET): /transactions/bulk-delete/
2026-09-27 11:51:42.481 | WARNING  | logging:callHandlers:1737 - Not Found: /loans/1/payments/1/revert/
2026-09-27 11:51:42.557 | INFO     | core.views_loans:form_valid:113 - Loan 1 created for duda
2026-09-27 11:51:42.582 | INFO     | core.views_loans:form_valid:113 - Loan 1 created for duda
2026-09-27 11:51:42.829 | ERROR    | logging:callHandlers:1737 - Internal Server Error: /loans/1/pay/
Traceback (most recent call last):

  File "C:\dev\MeuPortfolio\finanças\manage.py", line 22, in <module>
    main()

  File "C:\dev\MeuPortfolio\finanças\manage.py", line 18, in main
    execute_from_command_line(sys.argv)

  File "C:\Users\tassi\AppData\Local\Packages\PythonSoftwareFoundation.Python.3.13_qbz5n2kfra8p0\LocalCache\local-packages\Python313\site-packages\django\core\management\__init__.py", line 442, in execute_from_command_line
    utility.execute()
  File "C:\Users\tassi\AppData\Local\Packages\PythonSoftwareFoundation.Python.3.13_qbz5n2kfra8p0\LocalCache\local-packages\Python313\site-packages\django\core\management\__init__.py", line 436, in execute
    self.fetch_command(subcommand).run_from_argv(self.argv)
  File "C:\Users\tassi\AppData\Local\Packages\PythonSoftwareFoundation.Python.3.13_qbz5n2kfra8p0\LocalCache\local-packages\Python313\site-packages\django\core\management\commands\test.py", line 24, in run_from_argv
    super().run_from_argv(argv)
  File "C:\Users\tassi\AppData\Local\Packages\PythonSoftwareFoundation.Python.3.13_qbz5n2kfra8p0\LocalCache\local-packages\Python313\site-packages\django\core\management\base.py", line 413, in run_from_argv
    self.execute(*args, **cmd_options)
  File "C:\Users\tassi\AppData\Local\Packages\PythonSoftwareFoundation.Python.3.13_qbz5n2kfra8p0\LocalCache\local-packages\Python313\site-packages\django\core\management\base.py", line 459, in execute
    output = self.handle(*args, **options)
  File "C:\Users\tassi\AppData\Local\Packages\PythonSoftwareFoundation.Python.3.13_qbz5n2kfra8p0\LocalCache\local-packages\Python313\site-packages\django\core\management\commands\test.py", line 63, in handle
    failures = test_runner.run_tests(test_labels)
  File "C:\Users\tassi\AppData\Local\Packages\PythonSoftwareFoundation.Python.3.13_qbz5n2kfra8p0\LocalCache\local-packages\Python313\site-packages\django\test\runner.py", line 1073, in run_tests
    result = self.run_suite(suite)
  File "C:\Users\tassi\AppData\Local\Packages\PythonSoftwareFoundation.Python.3.13_qbz5n2kfra8p0\LocalCache\local-packages\Python313\site-packages\django\test\runner.py", line 1000, in run_suite
    return runner.run(suite)
  File "C:\Program Files\WindowsApps\PythonSoftwareFoundation.Python.3.13_3.13.3824.0_x64__qbz5n2kfra8p0\Lib\unittest\runner.py", line 240, in run
    test(result)
  File "C:\Program Files\WindowsApps\PythonSoftwareFoundation.Python.3.13_3.13.3824.0_x64__qbz5n2kfra8p0\Lib\unittest\suite.py", line 84, in __call__
    return self.run(*args, **kwds)
  File "C:\Program Files\WindowsApps\PythonSoftwareFoundation.Python.3.13_3.13.3824.0_x64__qbz5n2kfra8p0\Lib\unittest\suite.py", line 122, in run
    test(result)
  File "C:\Users\tassi\AppData\Local\Packages\PythonSoftwareFoundation.Python.3.13_qbz5n2kfra8p0\LocalCache\local-packages\Python313\site-packages\django\test\testcases.py", line 317, in __call__
    self._setup_and_call(result)
  File "C:\Users\tassi\AppData\Local\Packages\PythonSoftwareFoundation.Python.3.13_qbz5n2kfra8p0\LocalCache\local-packages\Python313\site-packages\django\test\testcases.py", line 369, in _setup_and_call
    super().__call__(result)
  File "C:\Program Files\WindowsApps\PythonSoftwareFoundation.Python.3.13_3.13.3824.0_x64__qbz5n2kfra8p0\Lib\unittest\case.py", line 707, in __call__
    return self.run(*args, **kwds)
  File "C:\Program Files\WindowsApps\PythonSoftwareFoundation.Python.3.13_3.13.3824.0_x64__qbz5n2kfra8p0\Lib\unittest\case.py", line 651, in run
    self._callTestMethod(testMethod)
  File "C:\Program Files\WindowsApps\PythonSoftwareFoundation.Python.3.13_3.13.3824.0_x64__qbz5n2kfra8p0\Lib\unittest\case.py", line 606, in _callTestMethod
    if method() is not None:

  File "C:\dev\MeuPortfolio\finanças\core\tests_atomicity.py", line 50, in test_failed_payment_does_not_change_loan_balance
    self.client.post(reverse("loan_pay", args=[self.loan.pk]), {

  File "C:\Users\tassi\AppData\Local\Packages\PythonSoftwareFoundation.Python.3.13_qbz5n2kfra8p0\LocalCache\local-packages\Python313\site-packages\django\test\client.py", line 1158, in post
    response = super().post(
  File "C:\Users\tassi\AppData\Local\Packages\PythonSoftwareFoundation.Python.3.13_qbz5n2kfra8p0\LocalCache\local-packages\Python313\site-packages\django\test\client.py", line 503, in post
    return self.generic(
  File "C:\Users\tassi\AppData\Local\Packages\PythonSoftwareFoundation.Python.3.13_qbz5n2kfra8p0\LocalCache\local-packages\Python313\site-packages\django\test\client.py", line 676, in generic
    return self.request(**r)
  File "C:\Users\tassi\AppData\Local\Packages\PythonSoftwareFoundation.Python.3.13_qbz5n2kfra8p0\LocalCache\local-packages\Python313\site-packages\django\test\client.py", line 1087, in request
    response = self.handler(environ)
  File "C:\Users\tassi\AppData\Local\Packages\PythonSoftwareFoundation.Python.3.13_qbz5n2kfra8p0\LocalCache\local-packages\Python313\site-packages\django\test\client.py", line 186, in __call__
    response = self.get_response(request)
  File "C:\Users\tassi\AppData\Local\Packages\PythonSoftwareFoundation.Python.3.13_qbz5n2kfra8p0\LocalCache\local-packages\Python313\site-packages\django\core\handlers\base.py", line 140, in get_response
    response = self._middleware_chain(request)
  File "C:\Users\tassi\AppData\Local\Packages\PythonSoftwareFoundation.Python.3.13_qbz5n2kfra8p0\LocalCache\local-packages\Python313\site-packages\django\core\handlers\exception.py", line 55, in inner
    response = get_response(request)
  File "C:\Users\tassi\AppData\Local\Packages\PythonSoftwareFoundation.Python.3.13_qbz5n2kfra8p0\LocalCache\local-packages\Python313\site-packages\django\utils\deprecation.py", line 129, in __call__
    response = response or self.get_response(request)
  File "C:\Users\tassi\AppData\Local\Packages\PythonSoftwareFoundation.Python.3.13_qbz5n2kfra8p0\LocalCache\local-packages\Python313\site-packages\django\core\handlers\exception.py", line 55, in inner
    response = get_response(request)
  File "C:\Users\tassi\AppData\Local\Packages\PythonSoftwareFoundation.Python.3.13_qbz5n2kfra8p0\LocalCache\local-packages\Python313\site-packages\whitenoise\middleware.py", line 123, in __call__
    return self.get_response(request)
  File "C:\Users\tassi\AppData\Local\Packages\PythonSoftwareFoundation.Python.3.13_qbz5n2kfra8p0\LocalCache\local-packages\Python313\site-packages\django\core\handlers\exception.py", line 55, in inner
    response = get_response(request)
  File "C:\Users\tassi\AppData\Local\Packages\PythonSoftwareFoundation.Python.3.13_qbz5n2kfra8p0\LocalCache\local-packages\Python313\site-packages\django\utils\deprecation.py", line 129, in __call__
    response = response or self.get_response(request)
  File "C:\Users\tassi\AppData\Local\Packages\PythonSoftwareFoundation.Python.3.13_qbz5n2kfra8p0\LocalCache\local-packages\Python313\site-packages\django\core\handlers\exception.py", line 55, in inner
    response = get_response(request)
  File "C:\Users\tassi\AppData\Local\Packages\PythonSoftwareFoundation.Python.3.13_qbz5n2kfra8p0\LocalCache\local-packages\Python313\site-packages\django\utils\deprecation.py", line 129, in __call__
    response = response or self.get_response(request)
  File "C:\Users\tassi\AppData\Local\Packages\PythonSoftwareFoundation.Python.3.13_qbz5n2kfra8p0\LocalCache\local-packages\Python313\site-packages\django\core\handlers\exception.py", line 55, in inner
    response = get_response(request)
  File "C:\Users\tassi\AppData\Local\Packages\PythonSoftwareFoundation.Python.3.13_qbz5n2kfra8p0\LocalCache\local-packages\Python313\site-packages\django\utils\deprecation.py", line 129, in __call__
    response = response or self.get_response(request)
  File "C:\Users\tassi\AppData\Local\Packages\PythonSoftwareFoundation.Python.3.13_qbz5n2kfra8p0\LocalCache\local-packages\Python313\site-packages\django\core\handlers\exception.py", line 55, in inner
    response = get_response(request)
  File "C:\Users\tassi\AppData\Local\Packages\PythonSoftwareFoundation.Python.3.13_qbz5n2kfra8p0\LocalCache\local-packages\Python313\site-packages\django\utils\deprecation.py", line 129, in __call__
    response = response or self.get_response(request)
  File "C:\Users\tassi\AppData\Local\Packages\PythonSoftwareFoundation.Python.3.13_qbz5n2kfra8p0\LocalCache\local-packages\Python313\site-packages\django\core\handlers\exception.py", line 55, in inner
    response = get_response(request)
  File "C:\Users\tassi\AppData\Local\Packages\PythonSoftwareFoundation.Python.3.13_qbz5n2kfra8p0\LocalCache\local-packages\Python313\site-packages\django\utils\deprecation.py", line 129, in __call__
    response = response or self.get_response(request)
  File "C:\Users\tassi\AppData\Local\Packages\PythonSoftwareFoundation.Python.3.13_qbz5n2kfra8p0\LocalCache\local-packages\Python313\site-packages\django\core\handlers\exception.py", line 55, in inner
    response = get_response(request)
  File "C:\Users\tassi\AppData\Local\Packages\PythonSoftwareFoundation.Python.3.13_qbz5n2kfra8p0\LocalCache\local-packages\Python313\site-packages\django\utils\deprecation.py", line 129, in __call__
    response = response or self.get_response(request)
> File "C:\Users\tassi\AppData\Local\Packages\PythonSoftwareFoundation.Python.3.13_qbz5n2kfra8p0\LocalCache\local-packages\Python313\site-packages\django\core\handlers\exception.py", line 55, in inner
    response = get_response(request)
  File "C:\Users\tassi\AppData\Local\Packages\PythonSoftwareFoundation.Python.3.13_qbz5n2kfra8p0\LocalCache\local-packages\Python313\site-packages\django\core\handlers\base.py", line 197, in _get_response
    response = wrapped_callback(request, *callback_args, **callback_kwargs)
  File "C:\Users\tassi\AppData\Local\Packages\PythonSoftwareFoundation.Python.3.13_qbz5n2kfra8p0\LocalCache\local-packages\Python313\site-packages\django\contrib\auth\decorators.py", line 60, in _view_wrapper
    return view_func(request, *args, **kwargs)

  File "C:\dev\MeuPortfolio\finanças\core\views_loans.py", line 223, in loan_make_payment
    AuditLog.objects.create(

  File "C:\Program Files\WindowsApps\PythonSoftwareFoundation.Python.3.13_3.13.3824.0_x64__qbz5n2kfra8p0\Lib\unittest\mock.py", line 1169, in __call__
    return self._mock_call(*args, **kwargs)
  File "C:\Program Files\WindowsApps\PythonSoftwareFoundation.Python.3.13_3.13.3824.0_x64__qbz5n2kfra8p0\Lib\unittest\mock.py", line 1173, in _mock_call
    return self._execute_mock_call(*args, **kwargs)
  File "C:\Program Files\WindowsApps\PythonSoftwareFoundation.Python.3.13_3.13.3824.0_x64__qbz5n2kfra8p0\Lib\unittest\mock.py", line 1234, in _execute_mock_call
    raise effect

RuntimeError: boom
2026-09-27 11:51:42.864 | ERROR    | logging:callHandlers:1737 - Internal Server Error: /accounts/transfer/
Traceback (most recent call last):

  File "C:\dev\MeuPortfolio\finanças\manage.py", line 22, in <module>
    main()

  File "C:\dev\MeuPortfolio\finanças\manage.py", line 18, in main
    execute_from_command_line(sys.argv)

  File "C:\Users\tassi\AppData\Local\Packages\PythonSoftwareFoundation.Python.3.13_qbz5n2kfra8p0\LocalCache\local-packages\Python313\site-packages\django\core\management\__init__.py", line 442, in execute_from_command_line
    utility.execute()
  File "C:\Users\tassi\AppData\Local\Packages\PythonSoftwareFoundation.Python.3.13_qbz5n2kfra8p0\LocalCache\local-packages\Python313\site-packages\django\core\management\__init__.py", line 436, in execute
    self.fetch_command(subcommand).run_from_argv(self.argv)
  File "C:\Users\tassi\AppData\Local\Packages\PythonSoftwareFoundation.Python.3.13_qbz5n2kfra8p0\LocalCache\local-packages\Python313\site-packages\django\core\management\commands\test.py", line 24, in run_from_argv
    super().run_from_argv(argv)
  File "C:\Users\tassi\AppData\Local\Packages\PythonSoftwareFoundation.Python.3.13_qbz5n2kfra8p0\LocalCache\local-packages\Python313\site-packages\django\core\management\base.py", line 413, in run_from_argv
    self.execute(*args, **cmd_options)
  File "C:\Users\tassi\AppData\Local\Packages\PythonSoftwareFoundation.Python.3.13_qbz5n2kfra8p0\LocalCache\local-packages\Python313\site-packages\django\core\management\base.py", line 459, in execute
    output = self.handle(*args, **options)
  File "C:\Users\tassi\AppData\Local\Packages\PythonSoftwareFoundation.Python.3.13_qbz5n2kfra8p0\LocalCache\local-packages\Python313\site-packages\django\core\management\commands\test.py", line 63, in handle
    failures = test_runner.run_tests(test_labels)
  File "C:\Users\tassi\AppData\Local\Packages\PythonSoftwareFoundation.Python.3.13_qbz5n2kfra8p0\LocalCache\local-packages\Python313\site-packages\django\test\runner.py", line 1073, in run_tests
    result = self.run_suite(suite)
  File "C:\Users\tassi\AppData\Local\Packages\PythonSoftwareFoundation.Python.3.13_qbz5n2kfra8p0\LocalCache\local-packages\Python313\site-packages\django\test\runner.py", line 1000, in run_suite
    return runner.run(suite)
  File "C:\Program Files\WindowsApps\PythonSoftwareFoundation.Python.3.13_3.13.3824.0_x64__qbz5n2kfra8p0\Lib\unittest\runner.py", line 240, in run
    test(result)
  File "C:\Program Files\WindowsApps\PythonSoftwareFoundation.Python.3.13_3.13.3824.0_x64__qbz5n2kfra8p0\Lib\unittest\suite.py", line 84, in __call__
    return self.run(*args, **kwds)
  File "C:\Program Files\WindowsApps\PythonSoftwareFoundation.Python.3.13_3.13.3824.0_x64__qbz5n2kfra8p0\Lib\unittest\suite.py", line 122, in run
    test(result)
  File "C:\Users\tassi\AppData\Local\Packages\PythonSoftwareFoundation.Python.3.13_qbz5n2kfra8p0\LocalCache\local-packages\Python313\site-packages\django\test\testcases.py", line 317, in __call__
    self._setup_and_call(result)
  File "C:\Users\tassi\AppData\Local\Packages\PythonSoftwareFoundation.Python.3.13_qbz5n2kfra8p0\LocalCache\local-packages\Python313\site-packages\django\test\testcases.py", line 369, in _setup_and_call
    super().__call__(result)
  File "C:\Program Files\WindowsApps\PythonSoftwareFoundation.Python.3.13_3.13.3824.0_x64__qbz5n2kfra8p0\Lib\unittest\case.py", line 707, in __call__
    return self.run(*args, **kwds)
  File "C:\Program Files\WindowsApps\PythonSoftwareFoundation.Python.3.13_3.13.3824.0_x64__qbz5n2kfra8p0\Lib\unittest\case.py", line 651, in run
    self._callTestMethod(testMethod)
  File "C:\Program Files\WindowsApps\PythonSoftwareFoundation.Python.3.13_3.13.3824.0_x64__qbz5n2kfra8p0\Lib\unittest\case.py", line 606, in _callTestMethod
    if method() is not None:

  File "C:\dev\MeuPortfolio\finanças\core\tests_atomicity.py", line 22, in test_failed_transfer_does_not_partially_update_balances
    self.client.post(reverse("transfer_create"), {

  File "C:\Users\tassi\AppData\Local\Packages\PythonSoftwareFoundation.Python.3.13_qbz5n2kfra8p0\LocalCache\local-packages\Python313\site-packages\django\test\client.py", line 1158, in post
    response = super().post(
  File "C:\Users\tassi\AppData\Local\Packages\PythonSoftwareFoundation.Python.3.13_qbz5n2kfra8p0\LocalCache\local-packages\Python313\site-packages\django\test\client.py", line 503, in post
    return self.generic(
  File "C:\Users\tassi\AppData\Local\Packages\PythonSoftwareFoundation.Python.3.13_qbz5n2kfra8p0\LocalCache\local-packages\Python313\site-packages\django\test\client.py", line 676, in generic
    return self.request(**r)
  File "C:\Users\tassi\AppData\Local\Packages\PythonSoftwareFoundation.Python.3.13_qbz5n2kfra8p0\LocalCache\local-packages\Python313\site-packages\django\test\client.py", line 1087, in request
    response = self.handler(environ)
  File "C:\Users\tassi\AppData\Local\Packages\PythonSoftwareFoundation.Python.3.13_qbz5n2kfra8p0\LocalCache\local-packages\Python313\site-packages\django\test\client.py", line 186, in __call__
    response = self.get_response(request)
  File "C:\Users\tassi\AppData\Local\Packages\PythonSoftwareFoundation.Python.3.13_qbz5n2kfra8p0\LocalCache\local-packages\Python313\site-packages\django\core\handlers\base.py", line 140, in get_response
    response = self._middleware_chain(request)
  File "C:\Users\tassi\AppData\Local\Packages\PythonSoftwareFoundation.Python.3.13_qbz5n2kfra8p0\LocalCache\local-packages\Python313\site-packages\django\core\handlers\exception.py", line 55, in inner
    response = get_response(request)
  File "C:\Users\tassi\AppData\Local\Packages\PythonSoftwareFoundation.Python.3.13_qbz5n2kfra8p0\LocalCache\local-packages\Python313\site-packages\django\utils\deprecation.py", line 129, in __call__
    response = response or self.get_response(request)
  File "C:\Users\tassi\AppData\Local\Packages\PythonSoftwareFoundation.Python.3.13_qbz5n2kfra8p0\LocalCache\local-packages\Python313\site-packages\django\core\handlers\exception.py", line 55, in inner
    response = get_response(request)
  File "C:\Users\tassi\AppData\Local\Packages\PythonSoftwareFoundation.Python.3.13_qbz5n2kfra8p0\LocalCache\local-packages\Python313\site-packages\whitenoise\middleware.py", line 123, in __call__
    return self.get_response(request)
  File "C:\Users\tassi\AppData\Local\Packages\PythonSoftwareFoundation.Python.3.13_qbz5n2kfra8p0\LocalCache\local-packages\Python313\site-packages\django\core\handlers\exception.py", line 55, in inner
    response = get_response(request)
  File "C:\Users\tassi\AppData\Local\Packages\PythonSoftwareFoundation.Python.3.13_qbz5n2kfra8p0\LocalCache\local-packages\Python313\site-packages\django\utils\deprecation.py", line 129, in __call__
    response = response or self.get_response(request)
  File "C:\Users\tassi\AppData\Local\Packages\PythonSoftwareFoundation.Python.3.13_qbz5n2kfra8p0\LocalCache\local-packages\Python313\site-packages\django\core\handlers\exception.py", line 55, in inner
    response = get_response(request)
  File "C:\Users\tassi\AppData\Local\Packages\PythonSoftwareFoundation.Python.3.13_qbz5n2kfra8p0\LocalCache\local-packages\Python313\site-packages\django\utils\deprecation.py", line 129, in __call__
    response = response or self.get_response(request)
  File "C:\Users\tassi\AppData\Local\Packages\PythonSoftwareFoundation.Python.3.13_qbz5n2kfra8p0\LocalCache\local-packages\Python313\site-packages\django\core\handlers\exception.py", line 55, in inner
    response = get_response(request)
  File "C:\Users\tassi\AppData\Local\Packages\PythonSoftwareFoundation.Python.3.13_qbz5n2kfra8p0\LocalCache\local-packages\Python313\site-packages\django\utils\deprecation.py", line 129, in __call__
    response = response or self.get_response(request)
  File "C:\Users\tassi\AppData\Local\Packages\PythonSoftwareFoundation.Python.3.13_qbz5n2kfra8p0\LocalCache\local-packages\Python313\site-packages\django\core\handlers\exception.py", line 55, in inner
    response = get_response(request)
  File "C:\Users\tassi\AppData\Local\Packages\PythonSoftwareFoundation.Python.3.13_qbz5n2kfra8p0\LocalCache\local-packages\Python313\site-packages\django\utils\deprecation.py", line 129, in __call__
    response = response or self.get_response(request)
  File "C:\Users\tassi\AppData\Local\Packages\PythonSoftwareFoundation.Python.3.13_qbz5n2kfra8p0\LocalCache\local-packages\Python313\site-packages\django\core\handlers\exception.py", line 55, in inner
    response = get_response(request)
  File "C:\Users\tassi\AppData\Local\Packages\PythonSoftwareFoundation.Python.3.13_qbz5n2kfra8p0\LocalCache\local-packages\Python313\site-packages\django\utils\deprecation.py", line 129, in __call__
    response = response or self.get_response(request)
  File "C:\Users\tassi\AppData\Local\Packages\PythonSoftwareFoundation.Python.3.13_qbz5n2kfra8p0\LocalCache\local-packages\Python313\site-packages\django\core\handlers\exception.py", line 55, in inner
    response = get_response(request)
  File "C:\Users\tassi\AppData\Local\Packages\PythonSoftwareFoundation.Python.3.13_qbz5n2kfra8p0\LocalCache\local-packages\Python313\site-packages\django\utils\deprecation.py", line 129, in __call__
    response = response or self.get_response(request)
> File "C:\Users\tassi\AppData\Local\Packages\PythonSoftwareFoundation.Python.3.13_qbz5n2kfra8p0\LocalCache\local-packages\Python313\site-packages\django\core\handlers\exception.py", line 55, in inner
    response = get_response(request)
  File "C:\Users\tassi\AppData\Local\Packages\PythonSoftwareFoundation.Python.3.13_qbz5n2kfra8p0\LocalCache\local-packages\Python313\site-packages\django\core\handlers\base.py", line 197, in _get_response
    response = wrapped_callback(request, *callback_args, **callback_kwargs)
  File "C:\Users\tassi\AppData\Local\Packages\PythonSoftwareFoundation.Python.3.13_qbz5n2kfra8p0\LocalCache\local-packages\Python313\site-packages\django\contrib\auth\decorators.py", line 60, in _view_wrapper
    return view_func(request, *args, **kwargs)

  File "C:\dev\MeuPortfolio\finanças\core\views_accounts.py", line 85, in transfer_create
    AuditLog.objects.create(

  File "C:\Program Files\WindowsApps\PythonSoftwareFoundation.Python.3.13_3.13.3824.0_x64__qbz5n2kfra8p0\Lib\unittest\mock.py", line 1169, in __call__
    return self._mock_call(*args, **kwargs)
  File "C:\Program Files\WindowsApps\PythonSoftwareFoundation.Python.3.13_3.13.3824.0_x64__qbz5n2kfra8p0\Lib\unittest\mock.py", line 1173, in _mock_call
    return self._execute_mock_call(*args, **kwargs)
  File "C:\Program Files\WindowsApps\PythonSoftwareFoundation.Python.3.13_3.13.3824.0_x64__qbz5n2kfra8p0\Lib\unittest\mock.py", line 1234, in _execute_mock_call
    raise effect

RuntimeError: boom
2026-09-27 11:59:47.478 | INFO     | core.views_reports:reports:35 - Generating reports for user testuser
2026-09-27 11:59:47.781 | ERROR    | logging:callHandlers:1737 - Internal Server Error: /loans/1/pay/
Traceback (most recent call last):

  File "C:\dev\MeuPortfolio\finanças\manage.py", line 22, in <module>
    main()

  File "C:\dev\MeuPortfolio\finanças\manage.py", line 18, in main
    execute_from_command_line(sys.argv)

  File "C:\Users\tassi\AppData\Local\Packages\PythonSoftwareFoundation.Python.3.13_qbz5n2kfra8p0\LocalCache\local-packages\Python313\site-packages\django\core\management\__init__.py", line 442, in execute_from_command_line
    utility.execute()
  File "C:\Users\tassi\AppData\Local\Packages\PythonSoftwareFoundation.Python.3.13_qbz5n2kfra8p0\LocalCache\local-packages\Python313\site-packages\django\core\management\__init__.py", line 436, in execute
    self.fetch_command(subcommand).run_from_argv(self.argv)
  File "C:\Users\tassi\AppData\Local\Packages\PythonSoftwareFoundation.Python.3.13_qbz5n2kfra8p0\LocalCache\local-packages\Python313\site-packages\django\core\management\commands\test.py", line 24, in run_from_argv
    super().run_from_argv(argv)
  File "C:\Users\tassi\AppData\Local\Packages\PythonSoftwareFoundation.Python.3.13_qbz5n2kfra8p0\LocalCache\local-packages\Python313\site-packages\django\core\management\base.py", line 413, in run_from_argv
    self.execute(*args, **cmd_options)
  File "C:\Users\tassi\AppData\Local\Packages\PythonSoftwareFoundation.Python.3.13_qbz5n2kfra8p0\LocalCache\local-packages\Python313\site-packages\django\core\management\base.py", line 459, in execute
    output = self.handle(*args, **options)
  File "C:\Users\tassi\AppData\Local\Packages\PythonSoftwareFoundation.Python.3.13_qbz5n2kfra8p0\LocalCache\local-packages\Python313\site-packages\django\core\management\commands\test.py", line 63, in handle
    failures = test_runner.run_tests(test_labels)
  File "C:\Users\tassi\AppData\Local\Packages\PythonSoftwareFoundation.Python.3.13_qbz5n2kfra8p0\LocalCache\local-packages\Python313\site-packages\django\test\runner.py", line 1073, in run_tests
    result = self.run_suite(suite)
  File "C:\Users\tassi\AppData\Local\Packages\PythonSoftwareFoundation.Python.3.13_qbz5n2kfra8p0\LocalCache\local-packages\Python313\site-packages\django\test\runner.py", line 1000, in run_suite
    return runner.run(suite)
  File "C:\Program Files\WindowsApps\PythonSoftwareFoundation.Python.3.13_3.13.3824.0_x64__qbz5n2kfra8p0\Lib\unittest\runner.py", line 240, in run
    test(result)
  File "C:\Program Files\WindowsApps\PythonSoftwareFoundation.Python.3.13_3.13.3824.0_x64__qbz5n2kfra8p0\Lib\unittest\suite.py", line 84, in __call__
    return self.run(*args, **kwds)
  File "C:\Program Files\WindowsApps\PythonSoftwareFoundation.Python.3.13_3.13.3824.0_x64__qbz5n2kfra8p0\Lib\unittest\suite.py", line 122, in run
    test(result)
  File "C:\Users\tassi\AppData\Local\Packages\PythonSoftwareFoundation.Python.3.13_qbz5n2kfra8p0\LocalCache\local-packages\Python313\site-packages\django\test\testcases.py", line 317, in __call__
    self._setup_and_call(result)
  File "C:\Users\tassi\AppData\Local\Packages\PythonSoftwareFoundation.Python.3.13_qbz5n2kfra8p0\LocalCache\local-packages\Python313\site-packages\django\test\testcases.py", line 369, in _setup_and_call
    super().__call__(result)
  File "C:\Program Files\WindowsApps\PythonSoftwareFoundation.Python.3.13_3.13.3824.0_x64__qbz5n2kfra8p0\Lib\unittest\case.py", line 707, in __call__
    return self.run(*args, **kwds)
  File "C:\Program Files\WindowsApps\PythonSoftwareFoundation.Python.3.13_3.13.3824.0_x64__qbz5n2kfra8p0\Lib\unittest\case.py", line 651, in run
    self._callTestMethod(testMethod)
  File "C:\Program Files\WindowsApps\PythonSoftwareFoundation.Python.3.13_3.13.3824.0_x64__qbz5n2kfra8p0\Lib\unittest\case.py", line 606, in _callTestMethod
    if method() is not None:

  File "C:\dev\MeuPortfolio\finanças\core\tests_atomicity.py", line 50, in test_failed_payment_does_not_change_loan_balance
    self.client.post(reverse("loan_pay", args=[self.loan.pk]), {

  File "C:\Users\tassi\AppData\Local\Packages\PythonSoftwareFoundation.Python.3.13_qbz5n2kfra8p0\LocalCache\local-packages\Python313\site-packages\django\test\client.py", line 1158, in post
    response = super().post(
  File "C:\Users\tassi\AppData\Local\Packages\PythonSoftwareFoundation.Python.3.13_qbz5n2kfra8p0\LocalCache\local-packages\Python313\site-packages\django\test\client.py", line 503, in post
    return self.generic(
  File "C:\Users\tassi\AppData\Local\Packages\PythonSoftwareFoundation.Python.3.13_qbz5n2kfra8p0\LocalCache\local-packages\Python313\site-packages\django\test\client.py", line 676, in generic
    return self.request(**r)
  File "C:\Users\tassi\AppData\Local\Packages\PythonSoftwareFoundation.Python.3.13_qbz5n2kfra8p0\LocalCache\local-packages\Python313\site-packages\django\test\client.py", line 1087, in request
    response = self.handler(environ)
  File "C:\Users\tassi\AppData\Local\Packages\PythonSoftwareFoundation.Python.3.13_qbz5n2kfra8p0\LocalCache\local-packages\Python313\site-packages\django\test\client.py", line 186, in __call__
    response = self.get_response(request)
  File "C:\Users\tassi\AppData\Local\Packages\PythonSoftwareFoundation.Python.3.13_qbz5n2kfra8p0\LocalCache\local-packages\Python313\site-packages\django\core\handlers\base.py", line 140, in get_response
    response = self._middleware_chain(request)
  File "C:\Users\tassi\AppData\Local\Packages\PythonSoftwareFoundation.Python.3.13_qbz5n2kfra8p0\LocalCache\local-packages\Python313\site-packages\django\core\handlers\exception.py", line 55, in inner
    response = get_response(request)
  File "C:\Users\tassi\AppData\Local\Packages\PythonSoftwareFoundation.Python.3.13_qbz5n2kfra8p0\LocalCache\local-packages\Python313\site-packages\django\utils\deprecation.py", line 129, in __call__
    response = response or self.get_response(request)
  File "C:\Users\tassi\AppData\Local\Packages\PythonSoftwareFoundation.Python.3.13_qbz5n2kfra8p0\LocalCache\local-packages\Python313\site-packages\django\core\handlers\exception.py", line 55, in inner
    response = get_response(request)
  File "C:\Users\tassi\AppData\Local\Packages\PythonSoftwareFoundation.Python.3.13_qbz5n2kfra8p0\LocalCache\local-packages\Python313\site-packages\whitenoise\middleware.py", line 123, in __call__
    return self.get_response(request)
  File "C:\Users\tassi\AppData\Local\Packages\PythonSoftwareFoundation.Python.3.13_qbz5n2kfra8p0\LocalCache\local-packages\Python313\site-packages\django\core\handlers\exception.py", line 55, in inner
    response = get_response(request)
  File "C:\Users\tassi\AppData\Local\Packages\PythonSoftwareFoundation.Python.3.13_qbz5n2kfra8p0\LocalCache\local-packages\Python313\site-packages\django\utils\deprecation.py", line 129, in __call__
    response = response or self.get_response(request)
  File "C:\Users\tassi\AppData\Local\Packages\PythonSoftwareFoundation.Python.3.13_qbz5n2kfra8p0\LocalCache\local-packages\Python313\site-packages\django\core\handlers\exception.py", line 55, in inner
    response = get_response(request)
  File "C:\Users\tassi\AppData\Local\Packages\PythonSoftwareFoundation.Python.3.13_qbz5n2kfra8p0\LocalCache\local-packages\Python313\site-packages\django\utils\deprecation.py", line 129, in __call__
    response = response or self.get_response(request)
  File "C:\Users\tassi\AppData\Local\Packages\PythonSoftwareFoundation.Python.3.13_qbz5n2kfra8p0\LocalCache\local-packages\Python313\site-packages\django\core\handlers\exception.py", line 55, in inner
    response = get_response(request)
  File "C:\Users\tassi\AppData\Local\Packages\PythonSoftwareFoundation.Python.3.13_qbz5n2kfra8p0\LocalCache\local-packages\Python313\site-packages\django\utils\deprecation.py", line 129, in __call__
    response = response or self.get_response(request)
  File "C:\Users\tassi\AppData\Local\Packages\PythonSoftwareFoundation.Python.3.13_qbz5n2kfra8p0\LocalCache\local-packages\Python313\site-packages\django\core\handlers\exception.py", line 55, in inner
    response = get_response(request)
  File "C:\Users\tassi\AppData\Local\Packages\PythonSoftwareFoundation.Python.3.13_qbz5n2kfra8p0\LocalCache\local-packages\Python313\site-packages\django\utils\deprecation.py", line 129, in __call__
    response = response or self.get_response(request)
  File "C:\Users\tassi\AppData\Local\Packages\PythonSoftwareFoundation.Python.3.13_qbz5n2kfra8p0\LocalCache\local-packages\Python313\site-packages\django\core\handlers\exception.py", line 55, in inner
    response = get_response(request)
  File "C:\Users\tassi\AppData\Local\Packages\PythonSoftwareFoundation.Python.3.13_qbz5n2kfra8p0\LocalCache\local-packages\Python313\site-packages\django\utils\deprecation.py", line 129, in __call__
    response = response or self.get_response(request)
  File "C:\Users\tassi\AppData\Local\Packages\PythonSoftwareFoundation.Python.3.13_qbz5n2kfra8p0\LocalCache\local-packages\Python313\site-packages\django\core\handlers\exception.py", line 55, in inner
    response = get_response(request)
  File "C:\Users\tassi\AppData\Local\Packages\PythonSoftwareFoundation.Python.3.13_qbz5n2kfra8p0\LocalCache\local-packages\Python313\site-packages\django\utils\deprecation.py", line 129, in __call__
    response = response or self.get_response(request)
> File "C:\Users\tassi\AppData\Local\Packages\PythonSoftwareFoundation.Python.3.13_qbz5n2kfra8p0\LocalCache\local-packages\Python313\site-packages\django\core\handlers\exception.py", line 55, in inner
    response = get_response(request)
  File "C:\Users\tassi\AppData\Local\Packages\PythonSoftwareFoundation.Python.3.13_qbz5n2kfra8p0\LocalCache\local-packages\Python313\site-packages\django\core\handlers\base.py", line 197, in _get_response
    response = wrapped_callback(request, *callback_args, **callback_kwargs)
  File "C:\Users\tassi\AppData\Local\Packages\PythonSoftwareFoundation.Python.3.13_qbz5n2kfra8p0\LocalCache\local-packages\Python313\site-packages\django\contrib\auth\decorators.py", line 60, in _view_wrapper
    return view_func(request, *args, **kwargs)

  File "C:\dev\MeuPortfolio\finanças\core\views_loans.py", line 223, in loan_make_payment
    AuditLog.objects.create(

  File "C:\Program Files\WindowsApps\PythonSoftwareFoundation.Python.3.13_3.13.3824.0_x64__qbz5n2kfra8p0\Lib\unittest\mock.py", line 1169, in __call__
    return self._mock_call(*args, **kwargs)
  File "C:\Program Files\WindowsApps\PythonSoftwareFoundation.Python.3.13_3.13.3824.0_x64__qbz5n2kfra8p0\Lib\unittest\mock.py", line 1173, in _mock_call
    return self._execute_mock_call(*args, **kwargs)
  File "C:\Program Files\WindowsApps\PythonSoftwareFoundation.Python.3.13_3.13.3824.0_x64__qbz5n2kfra8p0\Lib\unittest\mock.py", line 1234, in _execute_mock_call
    raise effect

RuntimeError: boom
2026-09-27 11:59:47.821 | ERROR    | logging:callHandlers:1737 - Internal Server Error: /accounts/transfer/
Traceback (most recent call last):

  File "C:\dev\MeuPortfolio\finanças\manage.py", line 22, in <module>
    main()

  File "C:\dev\MeuPortfolio\finanças\manage.py", line 18, in main
    execute_from_command_line(sys.argv)

  File "C:\Users\tassi\AppData\Local\Packages\PythonSoftwareFoundation.Python.3.13_qbz5n2kfra8p0\LocalCache\local-packages\Python313\site-packages\django\core\management\__init__.py", line 442, in execute_from_command_line
    utility.execute()
  File "C:\Users\tassi\AppData\Local\Packages\PythonSoftwareFoundation.Python.3.13_qbz5n2kfra8p0\LocalCache\local-packages\Python313\site-packages\django\core\management\__init__.py", line 436, in execute
    self.fetch_command(subcommand).run_from_argv(self.argv)
  File "C:\Users\tassi\AppData\Local\Packages\PythonSoftwareFoundation.Python.3.13_qbz5n2kfra8p0\LocalCache\local-packages\Python313\site-packages\django\core\management\commands\test.py", line 24, in run_from_argv
    super().run_from_argv(argv)
  File "C:\Users\tassi\AppData\Local\Packages\PythonSoftwareFoundation.Python.3.13_qbz5n2kfra8p0\LocalCache\local-packages\Python313\site-packages\django\core\management\base.py", line 413, in run_from_argv
    self.execute(*args, **cmd_options)
  File "C:\Users\tassi\AppData\Local\Packages\PythonSoftwareFoundation.Python.3.13_qbz5n2kfra8p0\LocalCache\local-packages\Python313\site-packages\django\core\management\base.py", line 459, in execute
    output = self.handle(*args, **options)
  File "C:\Users\tassi\AppData\Local\Packages\PythonSoftwareFoundation.Python.3.13_qbz5n2kfra8p0\LocalCache\local-packages\Python313\site-packages\django\core\management\commands\test.py", line 63, in handle
    failures = test_runner.run_tests(test_labels)
  File "C:\Users\tassi\AppData\Local\Packages\PythonSoftwareFoundation.Python.3.13_qbz5n2kfra8p0\LocalCache\local-packages\Python313\site-packages\django\test\runner.py", line 1073, in run_tests
    result = self.run_suite(suite)
  File "C:\Users\tassi\AppData\Local\Packages\PythonSoftwareFoundation.Python.3.13_qbz5n2kfra8p0\LocalCache\local-packages\Python313\site-packages\django\test\runner.py", line 1000, in run_suite
    return runner.run(suite)
  File "C:\Program Files\WindowsApps\PythonSoftwareFoundation.Python.3.13_3.13.3824.0_x64__qbz5n2kfra8p0\Lib\unittest\runner.py", line 240, in run
    test(result)
  File "C:\Program Files\WindowsApps\PythonSoftwareFoundation.Python.3.13_3.13.3824.0_x64__qbz5n2kfra8p0\Lib\unittest\suite.py", line 84, in __call__
    return self.run(*args, **kwds)
  File "C:\Program Files\WindowsApps\PythonSoftwareFoundation.Python.3.13_3.13.3824.0_x64__qbz5n2kfra8p0\Lib\unittest\suite.py", line 122, in run
    test(result)
  File "C:\Users\tassi\AppData\Local\Packages\PythonSoftwareFoundation.Python.3.13_qbz5n2kfra8p0\LocalCache\local-packages\Python313\site-packages\django\test\testcases.py", line 317, in __call__
    self._setup_and_call(result)
  File "C:\Users\tassi\AppData\Local\Packages\PythonSoftwareFoundation.Python.3.13_qbz5n2kfra8p0\LocalCache\local-packages\Python313\site-packages\django\test\testcases.py", line 369, in _setup_and_call
    super().__call__(result)
  File "C:\Program Files\WindowsApps\PythonSoftwareFoundation.Python.3.13_3.13.3824.0_x64__qbz5n2kfra8p0\Lib\unittest\case.py", line 707, in __call__
    return self.run(*args, **kwds)
  File "C:\Program Files\WindowsApps\PythonSoftwareFoundation.Python.3.13_3.13.3824.0_x64__qbz5n2kfra8p0\Lib\unittest\case.py", line 651, in run
    self._callTestMethod(testMethod)
  File "C:\Program Files\WindowsApps\PythonSoftwareFoundation.Python.3.13_3.13.3824.0_x64__qbz5n2kfra8p0\Lib\unittest\case.py", line 606, in _callTestMethod
    if method() is not None:

  File "C:\dev\MeuPortfolio\finanças\core\tests_atomicity.py", line 22, in test_failed_transfer_does_not_partially_update_balances
    self.client.post(reverse("transfer_create"), {

  File "C:\Users\tassi\AppData\Local\Packages\PythonSoftwareFoundation.Python.3.13_qbz5n2kfra8p0\LocalCache\local-packages\Python313\site-packages\django\test\client.py", line 1158, in post
    response = super().post(
  File "C:\Users\tassi\AppData\Local\Packages\PythonSoftwareFoundation.Python.3.13_qbz5n2kfra8p0\LocalCache\local-packages\Python313\site-packages\django\test\client.py", line 503, in post
    return self.generic(
  File "C:\Users\tassi\AppData\Local\Packages\PythonSoftwareFoundation.Python.3.13_qbz5n2kfra8p0\LocalCache\local-packages\Python313\site-packages\django\test\client.py", line 676, in generic
    return self.request(**r)
  File "C:\Users\tassi\AppData\Local\Packages\PythonSoftwareFoundation.Python.3.13_qbz5n2kfra8p0\LocalCache\local-packages\Python313\site-packages\django\test\client.py", line 1087, in request
    response = self.handler(environ)
  File "C:\Users\tassi\AppData\Local\Packages\PythonSoftwareFoundation.Python.3.13_qbz5n2kfra8p0\LocalCache\local-packages\Python313\site-packages\django\test\client.py", line 186, in __call__
    response = self.get_response(request)
  File "C:\Users\tassi\AppData\Local\Packages\PythonSoftwareFoundation.Python.3.13_qbz5n2kfra8p0\LocalCache\local-packages\Python313\site-packages\django\core\handlers\base.py", line 140, in get_response
    response = self._middleware_chain(request)
  File "C:\Users\tassi\AppData\Local\Packages\PythonSoftwareFoundation.Python.3.13_qbz5n2kfra8p0\LocalCache\local-packages\Python313\site-packages\django\core\handlers\exception.py", line 55, in inner
    response = get_response(request)
  File "C:\Users\tassi\AppData\Local\Packages\PythonSoftwareFoundation.Python.3.13_qbz5n2kfra8p0\LocalCache\local-packages\Python313\site-packages\django\utils\deprecation.py", line 129, in __call__
    response = response or self.get_response(request)
  File "C:\Users\tassi\AppData\Local\Packages\PythonSoftwareFoundation.Python.3.13_qbz5n2kfra8p0\LocalCache\local-packages\Python313\site-packages\django\core\handlers\exception.py", line 55, in inner
    response = get_response(request)
  File "C:\Users\tassi\AppData\Local\Packages\PythonSoftwareFoundation.Python.3.13_qbz5n2kfra8p0\LocalCache\local-packages\Python313\site-packages\whitenoise\middleware.py", line 123, in __call__
    return self.get_response(request)
  File "C:\Users\tassi\AppData\Local\Packages\PythonSoftwareFoundation.Python.3.13_qbz5n2kfra8p0\LocalCache\local-packages\Python313\site-packages\django\core\handlers\exception.py", line 55, in inner
    response = get_response(request)
  File "C:\Users\tassi\AppData\Local\Packages\PythonSoftwareFoundation.Python.3.13_qbz5n2kfra8p0\LocalCache\local-packages\Python313\site-packages\django\utils\deprecation.py", line 129, in __call__
    response = response or self.get_response(request)
  File "C:\Users\tassi\AppData\Local\Packages\PythonSoftwareFoundation.Python.3.13_qbz5n2kfra8p0\LocalCache\local-packages\Python313\site-packages\django\core\handlers\exception.py", line 55, in inner
    response = get_response(request)
  File "C:\Users\tassi\AppData\Local\Packages\PythonSoftwareFoundation.Python.3.13_qbz5n2kfra8p0\LocalCache\local-packages\Python313\site-packages\django\utils\deprecation.py", line 129, in __call__
    response = response or self.get_response(request)
  File "C:\Users\tassi\AppData\Local\Packages\PythonSoftwareFoundation.Python.3.13_qbz5n2kfra8p0\LocalCache\local-packages\Python313\site-packages\django\core\handlers\exception.py", line 55, in inner
    response = get_response(request)
  File "C:\Users\tassi\AppData\Local\Packages\PythonSoftwareFoundation.Python.3.13_qbz5n2kfra8p0\LocalCache\local-packages\Python313\site-packages\django\utils\deprecation.py", line 129, in __call__
    response = response or self.get_response(request)
  File "C:\Users\tassi\AppData\Local\Packages\PythonSoftwareFoundation.Python.3.13_qbz5n2kfra8p0\LocalCache\local-packages\Python313\site-packages\django\core\handlers\exception.py", line 55, in inner
    response = get_response(request)
  File "C:\Users\tassi\AppData\Local\Packages\PythonSoftwareFoundation.Python.3.13_qbz5n2kfra8p0\LocalCache\local-packages\Python313\site-packages\django\utils\deprecation.py", line 129, in __call__
    response = response or self.get_response(request)
  File "C:\Users\tassi\AppData\Local\Packages\PythonSoftwareFoundation.Python.3.13_qbz5n2kfra8p0\LocalCache\local-packages\Python313\site-packages\django\core\handlers\exception.py", line 55, in inner
    response = get_response(request)
  File "C:\Users\tassi\AppData\Local\Packages\PythonSoftwareFoundation.Python.3.13_qbz5n2kfra8p0\LocalCache\local-packages\Python313\site-packages\django\utils\deprecation.py", line 129, in __call__
    response = response or self.get_response(request)
  File "C:\Users\tassi\AppData\Local\Packages\PythonSoftwareFoundation.Python.3.13_qbz5n2kfra8p0\LocalCache\local-packages\Python313\site-packages\django\core\handlers\exception.py", line 55, in inner
    response = get_response(request)
  File "C:\Users\tassi\AppData\Local\Packages\PythonSoftwareFoundation.Python.3.13_qbz5n2kfra8p0\LocalCache\local-packages\Python313\site-packages\django\utils\deprecation.py", line 129, in __call__
    response = response or self.get_response(request)
> File "C:\Users\tassi\AppData\Local\Packages\PythonSoftwareFoundation.Python.3.13_qbz5n2kfra8p0\LocalCache\local-packages\Python313\site-packages\django\core\handlers\exception.py", line 55, in inner
    response = get_response(request)
  File "C:\Users\tassi\AppData\Local\Packages\PythonSoftwareFoundation.Python.3.13_qbz5n2kfra8p0\LocalCache\local-packages\Python313\site-packages\django\core\handlers\base.py", line 197, in _get_response
    response = wrapped_callback(request, *callback_args, **callback_kwargs)
  File "C:\Users\tassi\AppData\Local\Packages\PythonSoftwareFoundation.Python.3.13_qbz5n2kfra8p0\LocalCache\local-packages\Python313\site-packages\django\contrib\auth\decorators.py", line 60, in _view_wrapper
    return view_func(request, *args, **kwargs)

  File "C:\dev\MeuPortfolio\finanças\core\views_accounts.py", line 85, in transfer_create
    AuditLog.objects.create(

  File "C:\Program Files\WindowsApps\PythonSoftwareFoundation.Python.3.13_3.13.3824.0_x64__qbz5n2kfra8p0\Lib\unittest\mock.py", line 1169, in __call__
    return self._mock_call(*args, **kwargs)
  File "C:\Program Files\WindowsApps\PythonSoftwareFoundation.Python.3.13_3.13.3824.0_x64__qbz5n2kfra8p0\Lib\unittest\mock.py", line 1173, in _mock_call
    return self._execute_mock_call(*args, **kwargs)
  File "C:\Program Files\WindowsApps\PythonSoftwareFoundation.Python.3.13_3.13.3824.0_x64__qbz5n2kfra8p0\Lib\unittest\mock.py", line 1234, in _execute_mock_call
    raise effect

RuntimeError: boom
2026-09-27 11:59:48.425 | WARNING  | logging:callHandlers:1737 - Not Found: /loans/1/payments/1/revert/
2026-09-27 11:59:48.519 | INFO     | core.views_loans:form_valid:113 - Loan 1 created for duda
2026-09-27 11:59:48.552 | INFO     | core.views_loans:form_valid:113 - Loan 1 created for duda
2026-09-27 11:59:48.738 | WARNING  | core.market_data:get_latest_indicator:48 - No data returned for BCB series 432; falling back to 0.0
2026-09-27 11:59:48.742 | WARNING  | core.forms:clean:246 - yfinance name lookup failed for PETR4.SA: yfinance down
2026-09-27 11:59:49.170 | WARNING  | logging:callHandlers:1737 - Method Not Allowed (GET): /transactions/bulk-delete/
2026-09-27 12:04:46.282 | INFO     | core.views_reports:reports:35 - Generating reports for user testuser
2026-09-27 12:04:47.110 | ERROR    | logging:callHandlers:1737 - Internal Server Error: /loans/1/pay/
Traceback (most recent call last):

  File "C:\dev\MeuPortfolio\finanças\manage.py", line 22, in <module>
    main()

  File "C:\dev\MeuPortfolio\finanças\manage.py", line 18, in main
    execute_from_command_line(sys.argv)

  File "C:\Users\tassi\AppData\Local\Packages\PythonSoftwareFoundation.Python.3.13_qbz5n2kfra8p0\LocalCache\local-packages\Python313\site-packages\django\core\management\__init__.py", line 442, in execute_from_command_line
    utility.execute()
  File "C:\Users\tassi\AppData\Local\Packages\PythonSoftwareFoundation.Python.3.13_qbz5n2kfra8p0\LocalCache\local-packages\Python313\site-packages\django\core\management\__init__.py", line 436, in execute
    self.fetch_command(subcommand).run_from_argv(self.argv)
  File "C:\Users\tassi\AppData\Local\Packages\PythonSoftwareFoundation.Python.3.13_qbz5n2kfra8p0\LocalCache\local-packages\Python313\site-packages\django\core\management\commands\test.py", line 24, in run_from_argv
    super().run_from_argv(argv)
  File "C:\Users\tassi\AppData\Local\Packages\PythonSoftwareFoundation.Python.3.13_qbz5n2kfra8p0\LocalCache\local-packages\Python313\site-packages\django\core\management\base.py", line 413, in run_from_argv
    self.execute(*args, **cmd_options)
  File "C:\Users\tassi\AppData\Local\Packages\PythonSoftwareFoundation.Python.3.13_qbz5n2kfra8p0\LocalCache\local-packages\Python313\site-packages\django\core\management\base.py", line 459, in execute
    output = self.handle(*args, **options)
  File "C:\Users\tassi\AppData\Local\Packages\PythonSoftwareFoundation.Python.3.13_qbz5n2kfra8p0\LocalCache\local-packages\Python313\site-packages\django\core\management\commands\test.py", line 63, in handle
    failures = test_runner.run_tests(test_labels)
  File "C:\Users\tassi\AppData\Local\Packages\PythonSoftwareFoundation.Python.3.13_qbz5n2kfra8p0\LocalCache\local-packages\Python313\site-packages\django\test\runner.py", line 1073, in run_tests
    result = self.run_suite(suite)
  File "C:\Users\tassi\AppData\Local\Packages\PythonSoftwareFoundation.Python.3.13_qbz5n2kfra8p0\LocalCache\local-packages\Python313\site-packages\django\test\runner.py", line 1000, in run_suite
    return runner.run(suite)
  File "C:\Program Files\WindowsApps\PythonSoftwareFoundation.Python.3.13_3.13.3824.0_x64__qbz5n2kfra8p0\Lib\unittest\runner.py", line 240, in run
    test(result)
  File "C:\Program Files\WindowsApps\PythonSoftwareFoundation.Python.3.13_3.13.3824.0_x64__qbz5n2kfra8p0\Lib\unittest\suite.py", line 84, in __call__
    return self.run(*args, **kwds)
  File "C:\Program Files\WindowsApps\PythonSoftwareFoundation.Python.3.13_3.13.3824.0_x64__qbz5n2kfra8p0\Lib\unittest\suite.py", line 122, in run
    test(result)
  File "C:\Users\tassi\AppData\Local\Packages\PythonSoftwareFoundation.Python.3.13_qbz5n2kfra8p0\LocalCache\local-packages\Python313\site-packages\django\test\testcases.py", line 317, in __call__
    self._setup_and_call(result)
  File "C:\Users\tassi\AppData\Local\Packages\PythonSoftwareFoundation.Python.3.13_qbz5n2kfra8p0\LocalCache\local-packages\Python313\site-packages\django\test\testcases.py", line 369, in _setup_and_call
    super().__call__(result)
  File "C:\Program Files\WindowsApps\PythonSoftwareFoundation.Python.3.13_3.13.3824.0_x64__qbz5n2kfra8p0\Lib\unittest\case.py", line 707, in __call__
    return self.run(*args, **kwds)
  File "C:\Program Files\WindowsApps\PythonSoftwareFoundation.Python.3.13_3.13.3824.0_x64__qbz5n2kfra8p0\Lib\unittest\case.py", line 651, in run
    self._callTestMethod(testMethod)
  File "C:\Program Files\WindowsApps\PythonSoftwareFoundation.Python.3.13_3.13.3824.0_x64__qbz5n2kfra8p0\Lib\unittest\case.py", line 606, in _callTestMethod
    if method() is not None:

  File "C:\dev\MeuPortfolio\finanças\core\tests_atomicity.py", line 50, in test_failed_payment_does_not_change_loan_balance
    self.client.post(reverse("loan_pay", args=[self.loan.pk]), {

  File "C:\Users\tassi\AppData\Local\Packages\PythonSoftwareFoundation.Python.3.13_qbz5n2kfra8p0\LocalCache\local-packages\Python313\site-packages\django\test\client.py", line 1158, in post
    response = super().post(
  File "C:\Users\tassi\AppData\Local\Packages\PythonSoftwareFoundation.Python.3.13_qbz5n2kfra8p0\LocalCache\local-packages\Python313\site-packages\django\test\client.py", line 503, in post
    return self.generic(
  File "C:\Users\tassi\AppData\Local\Packages\PythonSoftwareFoundation.Python.3.13_qbz5n2kfra8p0\LocalCache\local-packages\Python313\site-packages\django\test\client.py", line 676, in generic
    return self.request(**r)
  File "C:\Users\tassi\AppData\Local\Packages\PythonSoftwareFoundation.Python.3.13_qbz5n2kfra8p0\LocalCache\local-packages\Python313\site-packages\django\test\client.py", line 1087, in request
    response = self.handler(environ)
  File "C:\Users\tassi\AppData\Local\Packages\PythonSoftwareFoundation.Python.3.13_qbz5n2kfra8p0\LocalCache\local-packages\Python313\site-packages\django\test\client.py", line 186, in __call__
    response = self.get_response(request)
  File "C:\Users\tassi\AppData\Local\Packages\PythonSoftwareFoundation.Python.3.13_qbz5n2kfra8p0\LocalCache\local-packages\Python313\site-packages\django\core\handlers\base.py", line 140, in get_response
    response = self._middleware_chain(request)
  File "C:\Users\tassi\AppData\Local\Packages\PythonSoftwareFoundation.Python.3.13_qbz5n2kfra8p0\LocalCache\local-packages\Python313\site-packages\django\core\handlers\exception.py", line 55, in inner
    response = get_response(request)
  File "C:\Users\tassi\AppData\Local\Packages\PythonSoftwareFoundation.Python.3.13_qbz5n2kfra8p0\LocalCache\local-packages\Python313\site-packages\django\utils\deprecation.py", line 129, in __call__
    response = response or self.get_response(request)
  File "C:\Users\tassi\AppData\Local\Packages\PythonSoftwareFoundation.Python.3.13_qbz5n2kfra8p0\LocalCache\local-packages\Python313\site-packages\django\core\handlers\exception.py", line 55, in inner
    response = get_response(request)
  File "C:\Users\tassi\AppData\Local\Packages\PythonSoftwareFoundation.Python.3.13_qbz5n2kfra8p0\LocalCache\local-packages\Python313\site-packages\whitenoise\middleware.py", line 123, in __call__
    return self.get_response(request)
  File "C:\Users\tassi\AppData\Local\Packages\PythonSoftwareFoundation.Python.3.13_qbz5n2kfra8p0\LocalCache\local-packages\Python313\site-packages\django\core\handlers\exception.py", line 55, in inner
    response = get_response(request)
  File "C:\Users\tassi\AppData\Local\Packages\PythonSoftwareFoundation.Python.3.13_qbz5n2kfra8p0\LocalCache\local-packages\Python313\site-packages\django\utils\deprecation.py", line 129, in __call__
    response = response or self.get_response(request)
  File "C:\Users\tassi\AppData\Local\Packages\PythonSoftwareFoundation.Python.3.13_qbz5n2kfra8p0\LocalCache\local-packages\Python313\site-packages\django\core\handlers\exception.py", line 55, in inner
    response = get_response(request)
  File "C:\Users\tassi\AppData\Local\Packages\PythonSoftwareFoundation.Python.3.13_qbz5n2kfra8p0\LocalCache\local-packages\Python313\site-packages\django\utils\deprecation.py", line 129, in __call__
    response = response or self.get_response(request)
  File "C:\Users\tassi\AppData\Local\Packages\PythonSoftwareFoundation.Python.3.13_qbz5n2kfra8p0\LocalCache\local-packages\Python313\site-packages\django\core\handlers\exception.py", line 55, in inner
    response = get_response(request)
  File "C:\Users\tassi\AppData\Local\Packages\PythonSoftwareFoundation.Python.3.13_qbz5n2kfra8p0\LocalCache\local-packages\Python313\site-packages\django\utils\deprecation.py", line 129, in __call__
    response = response or self.get_response(request)
  File "C:\Users\tassi\AppData\Local\Packages\PythonSoftwareFoundation.Python.3.13_qbz5n2kfra8p0\LocalCache\local-packages\Python313\site-packages\django\core\handlers\exception.py", line 55, in inner
    response = get_response(request)
  File "C:\Users\tassi\AppData\Local\Packages\PythonSoftwareFoundation.Python.3.13_qbz5n2kfra8p0\LocalCache\local-packages\Python313\site-packages\django\utils\deprecation.py", line 129, in __call__
    response = response or self.get_response(request)
  File "C:\Users\tassi\AppData\Local\Packages\PythonSoftwareFoundation.Python.3.13_qbz5n2kfra8p0\LocalCache\local-packages\Python313\site-packages\django\core\handlers\exception.py", line 55, in inner
    response = get_response(request)
  File "C:\Users\tassi\AppData\Local\Packages\PythonSoftwareFoundation.Python.3.13_qbz5n2kfra8p0\LocalCache\local-packages\Python313\site-packages\django\utils\deprecation.py", line 129, in __call__
    response = response or self.get_response(request)
  File "C:\Users\tassi\AppData\Local\Packages\PythonSoftwareFoundation.Python.3.13_qbz5n2kfra8p0\LocalCache\local-packages\Python313\site-packages\django\core\handlers\exception.py", line 55, in inner
    response = get_response(request)
  File "C:\Users\tassi\AppData\Local\Packages\PythonSoftwareFoundation.Python.3.13_qbz5n2kfra8p0\LocalCache\local-packages\Python313\site-packages\django\utils\deprecation.py", line 129, in __call__
    response = response or self.get_response(request)
> File "C:\Users\tassi\AppData\Local\Packages\PythonSoftwareFoundation.Python.3.13_qbz5n2kfra8p0\LocalCache\local-packages\Python313\site-packages\django\core\handlers\exception.py", line 55, in inner
    response = get_response(request)
  File "C:\Users\tassi\AppData\Local\Packages\PythonSoftwareFoundation.Python.3.13_qbz5n2kfra8p0\LocalCache\local-packages\Python313\site-packages\django\core\handlers\base.py", line 197, in _get_response
    response = wrapped_callback(request, *callback_args, **callback_kwargs)
  File "C:\Users\tassi\AppData\Local\Packages\PythonSoftwareFoundation.Python.3.13_qbz5n2kfra8p0\LocalCache\local-packages\Python313\site-packages\django\contrib\auth\decorators.py", line 60, in _view_wrapper
    return view_func(request, *args, **kwargs)

  File "C:\dev\MeuPortfolio\finanças\core\views_loans.py", line 223, in loan_make_payment
    AuditLog.objects.create(

  File "C:\Program Files\WindowsApps\PythonSoftwareFoundation.Python.3.13_3.13.3824.0_x64__qbz5n2kfra8p0\Lib\unittest\mock.py", line 1169, in __call__
    return self._mock_call(*args, **kwargs)
  File "C:\Program Files\WindowsApps\PythonSoftwareFoundation.Python.3.13_3.13.3824.0_x64__qbz5n2kfra8p0\Lib\unittest\mock.py", line 1173, in _mock_call
    return self._execute_mock_call(*args, **kwargs)
  File "C:\Program Files\WindowsApps\PythonSoftwareFoundation.Python.3.13_3.13.3824.0_x64__qbz5n2kfra8p0\Lib\unittest\mock.py", line 1234, in _execute_mock_call
    raise effect

RuntimeError: boom
2026-09-27 12:04:47.157 | ERROR    | logging:callHandlers:1737 - Internal Server Error: /accounts/transfer/
Traceback (most recent call last):

  File "C:\dev\MeuPortfolio\finanças\manage.py", line 22, in <module>
    main()

  File "C:\dev\MeuPortfolio\finanças\manage.py", line 18, in main
    execute_from_command_line(sys.argv)

  File "C:\Users\tassi\AppData\Local\Packages\PythonSoftwareFoundation.Python.3.13_qbz5n2kfra8p0\LocalCache\local-packages\Python313\site-packages\django\core\management\__init__.py", line 442, in execute_from_command_line
    utility.execute()
  File "C:\Users\tassi\AppData\Local\Packages\PythonSoftwareFoundation.Python.3.13_qbz5n2kfra8p0\LocalCache\local-packages\Python313\site-packages\django\core\management\__init__.py", line 436, in execute
    self.fetch_command(subcommand).run_from_argv(self.argv)
  File "C:\Users\tassi\AppData\Local\Packages\PythonSoftwareFoundation.Python.3.13_qbz5n2kfra8p0\LocalCache\local-packages\Python313\site-packages\django\core\management\commands\test.py", line 24, in run_from_argv
    super().run_from_argv(argv)
  File "C:\Users\tassi\AppData\Local\Packages\PythonSoftwareFoundation.Python.3.13_qbz5n2kfra8p0\LocalCache\local-packages\Python313\site-packages\django\core\management\base.py", line 413, in run_from_argv
    self.execute(*args, **cmd_options)
  File "C:\Users\tassi\AppData\Local\Packages\PythonSoftwareFoundation.Python.3.13_qbz5n2kfra8p0\LocalCache\local-packages\Python313\site-packages\django\core\management\base.py", line 459, in execute
    output = self.handle(*args, **options)
  File "C:\Users\tassi\AppData\Local\Packages\PythonSoftwareFoundation.Python.3.13_qbz5n2kfra8p0\LocalCache\local-packages\Python313\site-packages\django\core\management\commands\test.py", line 63, in handle
    failures = test_runner.run_tests(test_labels)
  File "C:\Users\tassi\AppData\Local\Packages\PythonSoftwareFoundation.Python.3.13_qbz5n2kfra8p0\LocalCache\local-packages\Python313\site-packages\django\test\runner.py", line 1073, in run_tests
    result = self.run_suite(suite)
  File "C:\Users\tassi\AppData\Local\Packages\PythonSoftwareFoundation.Python.3.13_qbz5n2kfra8p0\LocalCache\local-packages\Python313\site-packages\django\test\runner.py", line 1000, in run_suite
    return runner.run(suite)
  File "C:\Program Files\WindowsApps\PythonSoftwareFoundation.Python.3.13_3.13.3824.0_x64__qbz5n2kfra8p0\Lib\unittest\runner.py", line 240, in run
    test(result)
  File "C:\Program Files\WindowsApps\PythonSoftwareFoundation.Python.3.13_3.13.3824.0_x64__qbz5n2kfra8p0\Lib\unittest\suite.py", line 84, in __call__
    return self.run(*args, **kwds)
  File "C:\Program Files\WindowsApps\PythonSoftwareFoundation.Python.3.13_3.13.3824.0_x64__qbz5n2kfra8p0\Lib\unittest\suite.py", line 122, in run
    test(result)
  File "C:\Users\tassi\AppData\Local\Packages\PythonSoftwareFoundation.Python.3.13_qbz5n2kfra8p0\LocalCache\local-packages\Python313\site-packages\django\test\testcases.py", line 317, in __call__
    self._setup_and_call(result)
  File "C:\Users\tassi\AppData\Local\Packages\PythonSoftwareFoundation.Python.3.13_qbz5n2kfra8p0\LocalCache\local-packages\Python313\site-packages\django\test\testcases.py", line 369, in _setup_and_call
    super().__call__(result)
  File "C:\Program Files\WindowsApps\PythonSoftwareFoundation.Python.3.13_3.13.3824.0_x64__qbz5n2kfra8p0\Lib\unittest\case.py", line 707, in __call__
    return self.run(*args, **kwds)
  File "C:\Program Files\WindowsApps\PythonSoftwareFoundation.Python.3.13_3.13.3824.0_x64__qbz5n2kfra8p0\Lib\unittest\case.py", line 651, in run
    self._callTestMethod(testMethod)
  File "C:\Program Files\WindowsApps\PythonSoftwareFoundation.Python.3.13_3.13.3824.0_x64__qbz5n2kfra8p0\Lib\unittest\case.py", line 606, in _callTestMethod
    if method() is not None:

  File "C:\dev\MeuPortfolio\finanças\core\tests_atomicity.py", line 22, in test_failed_transfer_does_not_partially_update_balances
    self.client.post(reverse("transfer_create"), {

  File "C:\Users\tassi\AppData\Local\Packages\PythonSoftwareFoundation.Python.3.13_qbz5n2kfra8p0\LocalCache\local-packages\Python313\site-packages\django\test\client.py", line 1158, in post
    response = super().post(
  File "C:\Users\tassi\AppData\Local\Packages\PythonSoftwareFoundation.Python.3.13_qbz5n2kfra8p0\LocalCache\local-packages\Python313\site-packages\django\test\client.py", line 503, in post
    return self.generic(
  File "C:\Users\tassi\AppData\Local\Packages\PythonSoftwareFoundation.Python.3.13_qbz5n2kfra8p0\LocalCache\local-packages\Python313\site-packages\django\test\client.py", line 676, in generic
    return self.request(**r)
  File "C:\Users\tassi\AppData\Local\Packages\PythonSoftwareFoundation.Python.3.13_qbz5n2kfra8p0\LocalCache\local-packages\Python313\site-packages\django\test\client.py", line 1087, in request
    response = self.handler(environ)
  File "C:\Users\tassi\AppData\Local\Packages\PythonSoftwareFoundation.Python.3.13_qbz5n2kfra8p0\LocalCache\local-packages\Python313\site-packages\django\test\client.py", line 186, in __call__
    response = self.get_response(request)
  File "C:\Users\tassi\AppData\Local\Packages\PythonSoftwareFoundation.Python.3.13_qbz5n2kfra8p0\LocalCache\local-packages\Python313\site-packages\django\core\handlers\base.py", line 140, in get_response
    response = self._middleware_chain(request)
  File "C:\Users\tassi\AppData\Local\Packages\PythonSoftwareFoundation.Python.3.13_qbz5n2kfra8p0\LocalCache\local-packages\Python313\site-packages\django\core\handlers\exception.py", line 55, in inner
    response = get_response(request)
  File "C:\Users\tassi\AppData\Local\Packages\PythonSoftwareFoundation.Python.3.13_qbz5n2kfra8p0\LocalCache\local-packages\Python313\site-packages\django\utils\deprecation.py", line 129, in __call__
    response = response or self.get_response(request)
  File "C:\Users\tassi\AppData\Local\Packages\PythonSoftwareFoundation.Python.3.13_qbz5n2kfra8p0\LocalCache\local-packages\Python313\site-packages\django\core\handlers\exception.py", line 55, in inner
    response = get_response(request)
  File "C:\Users\tassi\AppData\Local\Packages\PythonSoftwareFoundation.Python.3.13_qbz5n2kfra8p0\LocalCache\local-packages\Python313\site-packages\whitenoise\middleware.py", line 123, in __call__
    return self.get_response(request)
  File "C:\Users\tassi\AppData\Local\Packages\PythonSoftwareFoundation.Python.3.13_qbz5n2kfra8p0\LocalCache\local-packages\Python313\site-packages\django\core\handlers\exception.py", line 55, in inner
    response = get_response(request)
  File "C:\Users\tassi\AppData\Local\Packages\PythonSoftwareFoundation.Python.3.13_qbz5n2kfra8p0\LocalCache\local-packages\Python313\site-packages\django\utils\deprecation.py", line 129, in __call__
    response = response or self.get_response(request)
  File "C:\Users\tassi\AppData\Local\Packages\PythonSoftwareFoundation.Python.3.13_qbz5n2kfra8p0\LocalCache\local-packages\Python313\site-packages\django\core\handlers\exception.py", line 55, in inner
    response = get_response(request)
  File "C:\Users\tassi\AppData\Local\Packages\PythonSoftwareFoundation.Python.3.13_qbz5n2kfra8p0\LocalCache\local-packages\Python313\site-packages\django\utils\deprecation.py", line 129, in __call__
    response = response or self.get_response(request)
  File "C:\Users\tassi\AppData\Local\Packages\PythonSoftwareFoundation.Python.3.13_qbz5n2kfra8p0\LocalCache\local-packages\Python313\site-packages\django\core\handlers\exception.py", line 55, in inner
    response = get_response(request)
  File "C:\Users\tassi\AppData\Local\Packages\PythonSoftwareFoundation.Python.3.13_qbz5n2kfra8p0\LocalCache\local-packages\Python313\site-packages\django\utils\deprecation.py", line 129, in __call__
    response = response or self.get_response(request)
  File "C:\Users\tassi\AppData\Local\Packages\PythonSoftwareFoundation.Python.3.13_qbz5n2kfra8p0\LocalCache\local-packages\Python313\site-packages\django\core\handlers\exception.py", line 55, in inner
    response = get_response(request)
  File "C:\Users\tassi\AppData\Local\Packages\PythonSoftwareFoundation.Python.3.13_qbz5n2kfra8p0\LocalCache\local-packages\Python313\site-packages\django\utils\deprecation.py", line 129, in __call__
    response = response or self.get_response(request)
  File "C:\Users\tassi\AppData\Local\Packages\PythonSoftwareFoundation.Python.3.13_qbz5n2kfra8p0\LocalCache\local-packages\Python313\site-packages\django\core\handlers\exception.py", line 55, in inner
    response = get_response(request)
  File "C:\Users\tassi\AppData\Local\Packages\PythonSoftwareFoundation.Python.3.13_qbz5n2kfra8p0\LocalCache\local-packages\Python313\site-packages\django\utils\deprecation.py", line 129, in __call__
    response = response or self.get_response(request)
  File "C:\Users\tassi\AppData\Local\Packages\PythonSoftwareFoundation.Python.3.13_qbz5n2kfra8p0\LocalCache\local-packages\Python313\site-packages\django\core\handlers\exception.py", line 55, in inner
    response = get_response(request)
  File "C:\Users\tassi\AppData\Local\Packages\PythonSoftwareFoundation.Python.3.13_qbz5n2kfra8p0\LocalCache\local-packages\Python313\site-packages\django\utils\deprecation.py", line 129, in __call__
    response = response or self.get_response(request)
> File "C:\Users\tassi\AppData\Local\Packages\PythonSoftwareFoundation.Python.3.13_qbz5n2kfra8p0\LocalCache\local-packages\Python313\site-packages\django\core\handlers\exception.py", line 55, in inner
    response = get_response(request)
  File "C:\Users\tassi\AppData\Local\Packages\PythonSoftwareFoundation.Python.3.13_qbz5n2kfra8p0\LocalCache\local-packages\Python313\site-packages\django\core\handlers\base.py", line 197, in _get_response
    response = wrapped_callback(request, *callback_args, **callback_kwargs)
  File "C:\Users\tassi\AppData\Local\Packages\PythonSoftwareFoundation.Python.3.13_qbz5n2kfra8p0\LocalCache\local-packages\Python313\site-packages\django\contrib\auth\decorators.py", line 60, in _view_wrapper
    return view_func(request, *args, **kwargs)

  File "C:\dev\MeuPortfolio\finanças\core\views_accounts.py", line 85, in transfer_create
    AuditLog.objects.create(

  File "C:\Program Files\WindowsApps\PythonSoftwareFoundation.Python.3.13_3.13.3824.0_x64__qbz5n2kfra8p0\Lib\unittest\mock.py", line 1169, in __call__
    return self._mock_call(*args, **kwargs)
  File "C:\Program Files\WindowsApps\PythonSoftwareFoundation.Python.3.13_3.13.3824.0_x64__qbz5n2kfra8p0\Lib\unittest\mock.py", line 1173, in _mock_call
    return self._execute_mock_call(*args, **kwargs)
  File "C:\Program Files\WindowsApps\PythonSoftwareFoundation.Python.3.13_3.13.3824.0_x64__qbz5n2kfra8p0\Lib\unittest\mock.py", line 1234, in _execute_mock_call
    raise effect

RuntimeError: boom
2026-09-27 12:04:47.647 | WARNING  | logging:callHandlers:1737 - Not Found: /loans/1/payments/1/revert/
2026-09-27 12:04:47.728 | INFO     | core.views_loans:form_valid:113 - Loan 1 created for duda
2026-09-27 12:04:47.753 | INFO     | core.views_loans:form_valid:113 - Loan 1 created for duda
2026-09-27 12:04:47.912 | WARNING  | core.market_data:get_latest_indicator:48 - No data returned for BCB series 432; falling back to 0.0
2026-09-27 12:04:47.915 | WARNING  | core.forms:clean:246 - yfinance name lookup failed for PETR4.SA: yfinance down
2026-09-27 12:04:48.323 | WARNING  | logging:callHandlers:1737 - Method Not Allowed (GET): /transactions/bulk-delete/
2026-09-27 12:04:56.402 | INFO     | core.views_reports:reports:35 - Generating reports for user Casal
2026-09-27 12:13:55.734 | INFO     | core.views_reports:reports:35 - Generating reports for user testuser
2026-09-27 12:13:56.650 | ERROR    | logging:callHandlers:1737 - Internal Server Error: /loans/1/pay/
Traceback (most recent call last):

  File "C:\dev\MeuPortfolio\finanças\manage.py", line 22, in <module>
    main()

  File "C:\dev\MeuPortfolio\finanças\manage.py", line 18, in main
    execute_from_command_line(sys.argv)

  File "C:\Users\tassi\AppData\Local\Packages\PythonSoftwareFoundation.Python.3.13_qbz5n2kfra8p0\LocalCache\local-packages\Python313\site-packages\django\core\management\__init__.py", line 442, in execute_from_command_line
    utility.execute()
  File "C:\Users\tassi\AppData\Local\Packages\PythonSoftwareFoundation.Python.3.13_qbz5n2kfra8p0\LocalCache\local-packages\Python313\site-packages\django\core\management\__init__.py", line 436, in execute
    self.fetch_command(subcommand).run_from_argv(self.argv)
  File "C:\Users\tassi\AppData\Local\Packages\PythonSoftwareFoundation.Python.3.13_qbz5n2kfra8p0\LocalCache\local-packages\Python313\site-packages\django\core\management\commands\test.py", line 24, in run_from_argv
    super().run_from_argv(argv)
  File "C:\Users\tassi\AppData\Local\Packages\PythonSoftwareFoundation.Python.3.13_qbz5n2kfra8p0\LocalCache\local-packages\Python313\site-packages\django\core\management\base.py", line 413, in run_from_argv
    self.execute(*args, **cmd_options)
  File "C:\Users\tassi\AppData\Local\Packages\PythonSoftwareFoundation.Python.3.13_qbz5n2kfra8p0\LocalCache\local-packages\Python313\site-packages\django\core\management\base.py", line 459, in execute
    output = self.handle(*args, **options)
  File "C:\Users\tassi\AppData\Local\Packages\PythonSoftwareFoundation.Python.3.13_qbz5n2kfra8p0\LocalCache\local-packages\Python313\site-packages\django\core\management\commands\test.py", line 63, in handle
    failures = test_runner.run_tests(test_labels)
  File "C:\Users\tassi\AppData\Local\Packages\PythonSoftwareFoundation.Python.3.13_qbz5n2kfra8p0\LocalCache\local-packages\Python313\site-packages\django\test\runner.py", line 1073, in run_tests
    result = self.run_suite(suite)
  File "C:\Users\tassi\AppData\Local\Packages\PythonSoftwareFoundation.Python.3.13_qbz5n2kfra8p0\LocalCache\local-packages\Python313\site-packages\django\test\runner.py", line 1000, in run_suite
    return runner.run(suite)
  File "C:\Program Files\WindowsApps\PythonSoftwareFoundation.Python.3.13_3.13.3824.0_x64__qbz5n2kfra8p0\Lib\unittest\runner.py", line 240, in run
    test(result)
  File "C:\Program Files\WindowsApps\PythonSoftwareFoundation.Python.3.13_3.13.3824.0_x64__qbz5n2kfra8p0\Lib\unittest\suite.py", line 84, in __call__
    return self.run(*args, **kwds)
  File "C:\Program Files\WindowsApps\PythonSoftwareFoundation.Python.3.13_3.13.3824.0_x64__qbz5n2kfra8p0\Lib\unittest\suite.py", line 122, in run
    test(result)
  File "C:\Users\tassi\AppData\Local\Packages\PythonSoftwareFoundation.Python.3.13_qbz5n2kfra8p0\LocalCache\local-packages\Python313\site-packages\django\test\testcases.py", line 317, in __call__
    self._setup_and_call(result)
  File "C:\Users\tassi\AppData\Local\Packages\PythonSoftwareFoundation.Python.3.13_qbz5n2kfra8p0\LocalCache\local-packages\Python313\site-packages\django\test\testcases.py", line 369, in _setup_and_call
    super().__call__(result)
  File "C:\Program Files\WindowsApps\PythonSoftwareFoundation.Python.3.13_3.13.3824.0_x64__qbz5n2kfra8p0\Lib\unittest\case.py", line 707, in __call__
    return self.run(*args, **kwds)
  File "C:\Program Files\WindowsApps\PythonSoftwareFoundation.Python.3.13_3.13.3824.0_x64__qbz5n2kfra8p0\Lib\unittest\case.py", line 651, in run
    self._callTestMethod(testMethod)
  File "C:\Program Files\WindowsApps\PythonSoftwareFoundation.Python.3.13_3.13.3824.0_x64__qbz5n2kfra8p0\Lib\unittest\case.py", line 606, in _callTestMethod
    if method() is not None:

  File "C:\dev\MeuPortfolio\finanças\core\tests_atomicity.py", line 50, in test_failed_payment_does_not_change_loan_balance
    self.client.post(reverse("loan_pay", args=[self.loan.pk]), {

  File "C:\Users\tassi\AppData\Local\Packages\PythonSoftwareFoundation.Python.3.13_qbz5n2kfra8p0\LocalCache\local-packages\Python313\site-packages\django\test\client.py", line 1158, in post
    response = super().post(
  File "C:\Users\tassi\AppData\Local\Packages\PythonSoftwareFoundation.Python.3.13_qbz5n2kfra8p0\LocalCache\local-packages\Python313\site-packages\django\test\client.py", line 503, in post
    return self.generic(
  File "C:\Users\tassi\AppData\Local\Packages\PythonSoftwareFoundation.Python.3.13_qbz5n2kfra8p0\LocalCache\local-packages\Python313\site-packages\django\test\client.py", line 676, in generic
    return self.request(**r)
  File "C:\Users\tassi\AppData\Local\Packages\PythonSoftwareFoundation.Python.3.13_qbz5n2kfra8p0\LocalCache\local-packages\Python313\site-packages\django\test\client.py", line 1087, in request
    response = self.handler(environ)
  File "C:\Users\tassi\AppData\Local\Packages\PythonSoftwareFoundation.Python.3.13_qbz5n2kfra8p0\LocalCache\local-packages\Python313\site-packages\django\test\client.py", line 186, in __call__
    response = self.get_response(request)
  File "C:\Users\tassi\AppData\Local\Packages\PythonSoftwareFoundation.Python.3.13_qbz5n2kfra8p0\LocalCache\local-packages\Python313\site-packages\django\core\handlers\base.py", line 140, in get_response
    response = self._middleware_chain(request)
  File "C:\Users\tassi\AppData\Local\Packages\PythonSoftwareFoundation.Python.3.13_qbz5n2kfra8p0\LocalCache\local-packages\Python313\site-packages\django\core\handlers\exception.py", line 55, in inner
    response = get_response(request)
  File "C:\Users\tassi\AppData\Local\Packages\PythonSoftwareFoundation.Python.3.13_qbz5n2kfra8p0\LocalCache\local-packages\Python313\site-packages\django\utils\deprecation.py", line 129, in __call__
    response = response or self.get_response(request)
  File "C:\Users\tassi\AppData\Local\Packages\PythonSoftwareFoundation.Python.3.13_qbz5n2kfra8p0\LocalCache\local-packages\Python313\site-packages\django\core\handlers\exception.py", line 55, in inner
    response = get_response(request)
  File "C:\Users\tassi\AppData\Local\Packages\PythonSoftwareFoundation.Python.3.13_qbz5n2kfra8p0\LocalCache\local-packages\Python313\site-packages\whitenoise\middleware.py", line 123, in __call__
    return self.get_response(request)
  File "C:\Users\tassi\AppData\Local\Packages\PythonSoftwareFoundation.Python.3.13_qbz5n2kfra8p0\LocalCache\local-packages\Python313\site-packages\django\core\handlers\exception.py", line 55, in inner
    response = get_response(request)
  File "C:\Users\tassi\AppData\Local\Packages\PythonSoftwareFoundation.Python.3.13_qbz5n2kfra8p0\LocalCache\local-packages\Python313\site-packages\django\utils\deprecation.py", line 129, in __call__
    response = response or self.get_response(request)
  File "C:\Users\tassi\AppData\Local\Packages\PythonSoftwareFoundation.Python.3.13_qbz5n2kfra8p0\LocalCache\local-packages\Python313\site-packages\django\core\handlers\exception.py", line 55, in inner
    response = get_response(request)
  File "C:\Users\tassi\AppData\Local\Packages\PythonSoftwareFoundation.Python.3.13_qbz5n2kfra8p0\LocalCache\local-packages\Python313\site-packages\django\utils\deprecation.py", line 129, in __call__
    response = response or self.get_response(request)
  File "C:\Users\tassi\AppData\Local\Packages\PythonSoftwareFoundation.Python.3.13_qbz5n2kfra8p0\LocalCache\local-packages\Python313\site-packages\django\core\handlers\exception.py", line 55, in inner
    response = get_response(request)
  File "C:\Users\tassi\AppData\Local\Packages\PythonSoftwareFoundation.Python.3.13_qbz5n2kfra8p0\LocalCache\local-packages\Python313\site-packages\django\utils\deprecation.py", line 129, in __call__
    response = response or self.get_response(request)
  File "C:\Users\tassi\AppData\Local\Packages\PythonSoftwareFoundation.Python.3.13_qbz5n2kfra8p0\LocalCache\local-packages\Python313\site-packages\django\core\handlers\exception.py", line 55, in inner
    response = get_response(request)
  File "C:\Users\tassi\AppData\Local\Packages\PythonSoftwareFoundation.Python.3.13_qbz5n2kfra8p0\LocalCache\local-packages\Python313\site-packages\django\utils\deprecation.py", line 129, in __call__
    response = response or self.get_response(request)
  File "C:\Users\tassi\AppData\Local\Packages\PythonSoftwareFoundation.Python.3.13_qbz5n2kfra8p0\LocalCache\local-packages\Python313\site-packages\django\core\handlers\exception.py", line 55, in inner
    response = get_response(request)
  File "C:\Users\tassi\AppData\Local\Packages\PythonSoftwareFoundation.Python.3.13_qbz5n2kfra8p0\LocalCache\local-packages\Python313\site-packages\django\utils\deprecation.py", line 129, in __call__
    response = response or self.get_response(request)
  File "C:\Users\tassi\AppData\Local\Packages\PythonSoftwareFoundation.Python.3.13_qbz5n2kfra8p0\LocalCache\local-packages\Python313\site-packages\django\core\handlers\exception.py", line 55, in inner
    response = get_response(request)
  File "C:\Users\tassi\AppData\Local\Packages\PythonSoftwareFoundation.Python.3.13_qbz5n2kfra8p0\LocalCache\local-packages\Python313\site-packages\django\utils\deprecation.py", line 129, in __call__
    response = response or self.get_response(request)
> File "C:\Users\tassi\AppData\Local\Packages\PythonSoftwareFoundation.Python.3.13_qbz5n2kfra8p0\LocalCache\local-packages\Python313\site-packages\django\core\handlers\exception.py", line 55, in inner
    response = get_response(request)
  File "C:\Users\tassi\AppData\Local\Packages\PythonSoftwareFoundation.Python.3.13_qbz5n2kfra8p0\LocalCache\local-packages\Python313\site-packages\django\core\handlers\base.py", line 197, in _get_response
    response = wrapped_callback(request, *callback_args, **callback_kwargs)
  File "C:\Users\tassi\AppData\Local\Packages\PythonSoftwareFoundation.Python.3.13_qbz5n2kfra8p0\LocalCache\local-packages\Python313\site-packages\django\contrib\auth\decorators.py", line 60, in _view_wrapper
    return view_func(request, *args, **kwargs)

  File "C:\dev\MeuPortfolio\finanças\core\views_loans.py", line 223, in loan_make_payment
    AuditLog.objects.create(

  File "C:\Program Files\WindowsApps\PythonSoftwareFoundation.Python.3.13_3.13.3824.0_x64__qbz5n2kfra8p0\Lib\unittest\mock.py", line 1169, in __call__
    return self._mock_call(*args, **kwargs)
  File "C:\Program Files\WindowsApps\PythonSoftwareFoundation.Python.3.13_3.13.3824.0_x64__qbz5n2kfra8p0\Lib\unittest\mock.py", line 1173, in _mock_call
    return self._execute_mock_call(*args, **kwargs)
  File "C:\Program Files\WindowsApps\PythonSoftwareFoundation.Python.3.13_3.13.3824.0_x64__qbz5n2kfra8p0\Lib\unittest\mock.py", line 1234, in _execute_mock_call
    raise effect

RuntimeError: boom
2026-09-27 12:13:56.804 | ERROR    | logging:callHandlers:1737 - Internal Server Error: /accounts/transfer/
Traceback (most recent call last):

  File "C:\dev\MeuPortfolio\finanças\manage.py", line 22, in <module>
    main()

  File "C:\dev\MeuPortfolio\finanças\manage.py", line 18, in main
    execute_from_command_line(sys.argv)

  File "C:\Users\tassi\AppData\Local\Packages\PythonSoftwareFoundation.Python.3.13_qbz5n2kfra8p0\LocalCache\local-packages\Python313\site-packages\django\core\management\__init__.py", line 442, in execute_from_command_line
    utility.execute()
  File "C:\Users\tassi\AppData\Local\Packages\PythonSoftwareFoundation.Python.3.13_qbz5n2kfra8p0\LocalCache\local-packages\Python313\site-packages\django\core\management\__init__.py", line 436, in execute
    self.fetch_command(subcommand).run_from_argv(self.argv)
  File "C:\Users\tassi\AppData\Local\Packages\PythonSoftwareFoundation.Python.3.13_qbz5n2kfra8p0\LocalCache\local-packages\Python313\site-packages\django\core\management\commands\test.py", line 24, in run_from_argv
    super().run_from_argv(argv)
  File "C:\Users\tassi\AppData\Local\Packages\PythonSoftwareFoundation.Python.3.13_qbz5n2kfra8p0\LocalCache\local-packages\Python313\site-packages\django\core\management\base.py", line 413, in run_from_argv
    self.execute(*args, **cmd_options)
  File "C:\Users\tassi\AppData\Local\Packages\PythonSoftwareFoundation.Python.3.13_qbz5n2kfra8p0\LocalCache\local-packages\Python313\site-packages\django\core\management\base.py", line 459, in execute
    output = self.handle(*args, **options)
  File "C:\Users\tassi\AppData\Local\Packages\PythonSoftwareFoundation.Python.3.13_qbz5n2kfra8p0\LocalCache\local-packages\Python313\site-packages\django\core\management\commands\test.py", line 63, in handle
    failures = test_runner.run_tests(test_labels)
  File "C:\Users\tassi\AppData\Local\Packages\PythonSoftwareFoundation.Python.3.13_qbz5n2kfra8p0\LocalCache\local-packages\Python313\site-packages\django\test\runner.py", line 1073, in run_tests
    result = self.run_suite(suite)
  File "C:\Users\tassi\AppData\Local\Packages\PythonSoftwareFoundation.Python.3.13_qbz5n2kfra8p0\LocalCache\local-packages\Python313\site-packages\django\test\runner.py", line 1000, in run_suite
    return runner.run(suite)
  File "C:\Program Files\WindowsApps\PythonSoftwareFoundation.Python.3.13_3.13.3824.0_x64__qbz5n2kfra8p0\Lib\unittest\runner.py", line 240, in run
    test(result)
  File "C:\Program Files\WindowsApps\PythonSoftwareFoundation.Python.3.13_3.13.3824.0_x64__qbz5n2kfra8p0\Lib\unittest\suite.py", line 84, in __call__
    return self.run(*args, **kwds)
  File "C:\Program Files\WindowsApps\PythonSoftwareFoundation.Python.3.13_3.13.3824.0_x64__qbz5n2kfra8p0\Lib\unittest\suite.py", line 122, in run
    test(result)
  File "C:\Users\tassi\AppData\Local\Packages\PythonSoftwareFoundation.Python.3.13_qbz5n2kfra8p0\LocalCache\local-packages\Python313\site-packages\django\test\testcases.py", line 317, in __call__
    self._setup_and_call(result)
  File "C:\Users\tassi\AppData\Local\Packages\PythonSoftwareFoundation.Python.3.13_qbz5n2kfra8p0\LocalCache\local-packages\Python313\site-packages\django\test\testcases.py", line 369, in _setup_and_call
    super().__call__(result)
  File "C:\Program Files\WindowsApps\PythonSoftwareFoundation.Python.3.13_3.13.3824.0_x64__qbz5n2kfra8p0\Lib\unittest\case.py", line 707, in __call__
    return self.run(*args, **kwds)
  File "C:\Program Files\WindowsApps\PythonSoftwareFoundation.Python.3.13_3.13.3824.0_x64__qbz5n2kfra8p0\Lib\unittest\case.py", line 651, in run
    self._callTestMethod(testMethod)
  File "C:\Program Files\WindowsApps\PythonSoftwareFoundation.Python.3.13_3.13.3824.0_x64__qbz5n2kfra8p0\Lib\unittest\case.py", line 606, in _callTestMethod
    if method() is not None:

  File "C:\dev\MeuPortfolio\finanças\core\tests_atomicity.py", line 22, in test_failed_transfer_does_not_partially_update_balances
    self.client.post(reverse("transfer_create"), {

  File "C:\Users\tassi\AppData\Local\Packages\PythonSoftwareFoundation.Python.3.13_qbz5n2kfra8p0\LocalCache\local-packages\Python313\site-packages\django\test\client.py", line 1158, in post
    response = super().post(
  File "C:\Users\tassi\AppData\Local\Packages\PythonSoftwareFoundation.Python.3.13_qbz5n2kfra8p0\LocalCache\local-packages\Python313\site-packages\django\test\client.py", line 503, in post
    return self.generic(
  File "C:\Users\tassi\AppData\Local\Packages\PythonSoftwareFoundation.Python.3.13_qbz5n2kfra8p0\LocalCache\local-packages\Python313\site-packages\django\test\client.py", line 676, in generic
    return self.request(**r)
  File "C:\Users\tassi\AppData\Local\Packages\PythonSoftwareFoundation.Python.3.13_qbz5n2kfra8p0\LocalCache\local-packages\Python313\site-packages\django\test\client.py", line 1087, in request
    response = self.handler(environ)
  File "C:\Users\tassi\AppData\Local\Packages\PythonSoftwareFoundation.Python.3.13_qbz5n2kfra8p0\LocalCache\local-packages\Python313\site-packages\django\test\client.py", line 186, in __call__
    response = self.get_response(request)
  File "C:\Users\tassi\AppData\Local\Packages\PythonSoftwareFoundation.Python.3.13_qbz5n2kfra8p0\LocalCache\local-packages\Python313\site-packages\django\core\handlers\base.py", line 140, in get_response
    response = self._middleware_chain(request)
  File "C:\Users\tassi\AppData\Local\Packages\PythonSoftwareFoundation.Python.3.13_qbz5n2kfra8p0\LocalCache\local-packages\Python313\site-packages\django\core\handlers\exception.py", line 55, in inner
    response = get_response(request)
  File "C:\Users\tassi\AppData\Local\Packages\PythonSoftwareFoundation.Python.3.13_qbz5n2kfra8p0\LocalCache\local-packages\Python313\site-packages\django\utils\deprecation.py", line 129, in __call__
    response = response or self.get_response(request)
  File "C:\Users\tassi\AppData\Local\Packages\PythonSoftwareFoundation.Python.3.13_qbz5n2kfra8p0\LocalCache\local-packages\Python313\site-packages\django\core\handlers\exception.py", line 55, in inner
    response = get_response(request)
  File "C:\Users\tassi\AppData\Local\Packages\PythonSoftwareFoundation.Python.3.13_qbz5n2kfra8p0\LocalCache\local-packages\Python313\site-packages\whitenoise\middleware.py", line 123, in __call__
    return self.get_response(request)
  File "C:\Users\tassi\AppData\Local\Packages\PythonSoftwareFoundation.Python.3.13_qbz5n2kfra8p0\LocalCache\local-packages\Python313\site-packages\django\core\handlers\exception.py", line 55, in inner
    response = get_response(request)
  File "C:\Users\tassi\AppData\Local\Packages\PythonSoftwareFoundation.Python.3.13_qbz5n2kfra8p0\LocalCache\local-packages\Python313\site-packages\django\utils\deprecation.py", line 129, in __call__
    response = response or self.get_response(request)
  File "C:\Users\tassi\AppData\Local\Packages\PythonSoftwareFoundation.Python.3.13_qbz5n2kfra8p0\LocalCache\local-packages\Python313\site-packages\django\core\handlers\exception.py", line 55, in inner
    response = get_response(request)
  File "C:\Users\tassi\AppData\Local\Packages\PythonSoftwareFoundation.Python.3.13_qbz5n2kfra8p0\LocalCache\local-packages\Python313\site-packages\django\utils\deprecation.py", line 129, in __call__
    response = response or self.get_response(request)
  File "C:\Users\tassi\AppData\Local\Packages\PythonSoftwareFoundation.Python.3.13_qbz5n2kfra8p0\LocalCache\local-packages\Python313\site-packages\django\core\handlers\exception.py", line 55, in inner
    response = get_response(request)
  File "C:\Users\tassi\AppData\Local\Packages\PythonSoftwareFoundation.Python.3.13_qbz5n2kfra8p0\LocalCache\local-packages\Python313\site-packages\django\utils\deprecation.py", line 129, in __call__
    response = response or self.get_response(request)
  File "C:\Users\tassi\AppData\Local\Packages\PythonSoftwareFoundation.Python.3.13_qbz5n2kfra8p0\LocalCache\local-packages\Python313\site-packages\django\core\handlers\exception.py", line 55, in inner
    response = get_response(request)
  File "C:\Users\tassi\AppData\Local\Packages\PythonSoftwareFoundation.Python.3.13_qbz5n2kfra8p0\LocalCache\local-packages\Python313\site-packages\django\utils\deprecation.py", line 129, in __call__
    response = response or self.get_response(request)
  File "C:\Users\tassi\AppData\Local\Packages\PythonSoftwareFoundation.Python.3.13_qbz5n2kfra8p0\LocalCache\local-packages\Python313\site-packages\django\core\handlers\exception.py", line 55, in inner
    response = get_response(request)
  File "C:\Users\tassi\AppData\Local\Packages\PythonSoftwareFoundation.Python.3.13_qbz5n2kfra8p0\LocalCache\local-packages\Python313\site-packages\django\utils\deprecation.py", line 129, in __call__
    response = response or self.get_response(request)
  File "C:\Users\tassi\AppData\Local\Packages\PythonSoftwareFoundation.Python.3.13_qbz5n2kfra8p0\LocalCache\local-packages\Python313\site-packages\django\core\handlers\exception.py", line 55, in inner
    response = get_response(request)
  File "C:\Users\tassi\AppData\Local\Packages\PythonSoftwareFoundation.Python.3.13_qbz5n2kfra8p0\LocalCache\local-packages\Python313\site-packages\django\utils\deprecation.py", line 129, in __call__
    response = response or self.get_response(request)
> File "C:\Users\tassi\AppData\Local\Packages\PythonSoftwareFoundation.Python.3.13_qbz5n2kfra8p0\LocalCache\local-packages\Python313\site-packages\django\core\handlers\exception.py", line 55, in inner
    response = get_response(request)
  File "C:\Users\tassi\AppData\Local\Packages\PythonSoftwareFoundation.Python.3.13_qbz5n2kfra8p0\LocalCache\local-packages\Python313\site-packages\django\core\handlers\base.py", line 197, in _get_response
    response = wrapped_callback(request, *callback_args, **callback_kwargs)
  File "C:\Users\tassi\AppData\Local\Packages\PythonSoftwareFoundation.Python.3.13_qbz5n2kfra8p0\LocalCache\local-packages\Python313\site-packages\django\contrib\auth\decorators.py", line 60, in _view_wrapper
    return view_func(request, *args, **kwargs)

  File "C:\dev\MeuPortfolio\finanças\core\views_accounts.py", line 85, in transfer_create
    AuditLog.objects.create(

  File "C:\Program Files\WindowsApps\PythonSoftwareFoundation.Python.3.13_3.13.3824.0_x64__qbz5n2kfra8p0\Lib\unittest\mock.py", line 1169, in __call__
    return self._mock_call(*args, **kwargs)
  File "C:\Program Files\WindowsApps\PythonSoftwareFoundation.Python.3.13_3.13.3824.0_x64__qbz5n2kfra8p0\Lib\unittest\mock.py", line 1173, in _mock_call
    return self._execute_mock_call(*args, **kwargs)
  File "C:\Program Files\WindowsApps\PythonSoftwareFoundation.Python.3.13_3.13.3824.0_x64__qbz5n2kfra8p0\Lib\unittest\mock.py", line 1234, in _execute_mock_call
    raise effect

RuntimeError: boom
2026-09-27 12:13:58.340 | WARNING  | logging:callHandlers:1737 - Not Found: /loans/1/payments/1/revert/
2026-09-27 12:13:58.455 | INFO     | core.views_loans:form_valid:113 - Loan 1 created for duda
2026-09-27 12:13:58.496 | INFO     | core.views_loans:form_valid:113 - Loan 1 created for duda
2026-09-27 12:13:58.707 | WARNING  | core.market_data:get_latest_indicator:48 - No data returned for BCB series 432; falling back to 0.0
2026-09-27 12:13:58.711 | WARNING  | core.forms:clean:246 - yfinance name lookup failed for PETR4.SA: yfinance down
2026-09-27 12:13:59.230 | WARNING  | logging:callHandlers:1737 - Method Not Allowed (GET): /transactions/bulk-delete/
2026-09-27 12:17:22.029 | INFO     | core.views_reports:reports:35 - Generating reports for user testuser
2026-09-27 12:17:22.939 | ERROR    | logging:callHandlers:1737 - Internal Server Error: /loans/1/pay/
Traceback (most recent call last):

  File "C:\dev\MeuPortfolio\finanças\manage.py", line 22, in <module>
    main()

  File "C:\dev\MeuPortfolio\finanças\manage.py", line 18, in main
    execute_from_command_line(sys.argv)

  File "C:\Users\tassi\AppData\Local\Packages\PythonSoftwareFoundation.Python.3.13_qbz5n2kfra8p0\LocalCache\local-packages\Python313\site-packages\django\core\management\__init__.py", line 442, in execute_from_command_line
    utility.execute()
  File "C:\Users\tassi\AppData\Local\Packages\PythonSoftwareFoundation.Python.3.13_qbz5n2kfra8p0\LocalCache\local-packages\Python313\site-packages\django\core\management\__init__.py", line 436, in execute
    self.fetch_command(subcommand).run_from_argv(self.argv)
  File "C:\Users\tassi\AppData\Local\Packages\PythonSoftwareFoundation.Python.3.13_qbz5n2kfra8p0\LocalCache\local-packages\Python313\site-packages\django\core\management\commands\test.py", line 24, in run_from_argv
    super().run_from_argv(argv)
  File "C:\Users\tassi\AppData\Local\Packages\PythonSoftwareFoundation.Python.3.13_qbz5n2kfra8p0\LocalCache\local-packages\Python313\site-packages\django\core\management\base.py", line 413, in run_from_argv
    self.execute(*args, **cmd_options)
  File "C:\Users\tassi\AppData\Local\Packages\PythonSoftwareFoundation.Python.3.13_qbz5n2kfra8p0\LocalCache\local-packages\Python313\site-packages\django\core\management\base.py", line 459, in execute
    output = self.handle(*args, **options)
  File "C:\Users\tassi\AppData\Local\Packages\PythonSoftwareFoundation.Python.3.13_qbz5n2kfra8p0\LocalCache\local-packages\Python313\site-packages\django\core\management\commands\test.py", line 63, in handle
    failures = test_runner.run_tests(test_labels)
  File "C:\Users\tassi\AppData\Local\Packages\PythonSoftwareFoundation.Python.3.13_qbz5n2kfra8p0\LocalCache\local-packages\Python313\site-packages\django\test\runner.py", line 1073, in run_tests
    result = self.run_suite(suite)
  File "C:\Users\tassi\AppData\Local\Packages\PythonSoftwareFoundation.Python.3.13_qbz5n2kfra8p0\LocalCache\local-packages\Python313\site-packages\django\test\runner.py", line 1000, in run_suite
    return runner.run(suite)
  File "C:\Program Files\WindowsApps\PythonSoftwareFoundation.Python.3.13_3.13.3824.0_x64__qbz5n2kfra8p0\Lib\unittest\runner.py", line 240, in run
    test(result)
  File "C:\Program Files\WindowsApps\PythonSoftwareFoundation.Python.3.13_3.13.3824.0_x64__qbz5n2kfra8p0\Lib\unittest\suite.py", line 84, in __call__
    return self.run(*args, **kwds)
  File "C:\Program Files\WindowsApps\PythonSoftwareFoundation.Python.3.13_3.13.3824.0_x64__qbz5n2kfra8p0\Lib\unittest\suite.py", line 122, in run
    test(result)
  File "C:\Users\tassi\AppData\Local\Packages\PythonSoftwareFoundation.Python.3.13_qbz5n2kfra8p0\LocalCache\local-packages\Python313\site-packages\django\test\testcases.py", line 317, in __call__
    self._setup_and_call(result)
  File "C:\Users\tassi\AppData\Local\Packages\PythonSoftwareFoundation.Python.3.13_qbz5n2kfra8p0\LocalCache\local-packages\Python313\site-packages\django\test\testcases.py", line 369, in _setup_and_call
    super().__call__(result)
  File "C:\Program Files\WindowsApps\PythonSoftwareFoundation.Python.3.13_3.13.3824.0_x64__qbz5n2kfra8p0\Lib\unittest\case.py", line 707, in __call__
    return self.run(*args, **kwds)
  File "C:\Program Files\WindowsApps\PythonSoftwareFoundation.Python.3.13_3.13.3824.0_x64__qbz5n2kfra8p0\Lib\unittest\case.py", line 651, in run
    self._callTestMethod(testMethod)
  File "C:\Program Files\WindowsApps\PythonSoftwareFoundation.Python.3.13_3.13.3824.0_x64__qbz5n2kfra8p0\Lib\unittest\case.py", line 606, in _callTestMethod
    if method() is not None:

  File "C:\dev\MeuPortfolio\finanças\core\tests_atomicity.py", line 50, in test_failed_payment_does_not_change_loan_balance
    self.client.post(reverse("loan_pay", args=[self.loan.pk]), {

  File "C:\Users\tassi\AppData\Local\Packages\PythonSoftwareFoundation.Python.3.13_qbz5n2kfra8p0\LocalCache\local-packages\Python313\site-packages\django\test\client.py", line 1158, in post
    response = super().post(
  File "C:\Users\tassi\AppData\Local\Packages\PythonSoftwareFoundation.Python.3.13_qbz5n2kfra8p0\LocalCache\local-packages\Python313\site-packages\django\test\client.py", line 503, in post
    return self.generic(
  File "C:\Users\tassi\AppData\Local\Packages\PythonSoftwareFoundation.Python.3.13_qbz5n2kfra8p0\LocalCache\local-packages\Python313\site-packages\django\test\client.py", line 676, in generic
    return self.request(**r)
  File "C:\Users\tassi\AppData\Local\Packages\PythonSoftwareFoundation.Python.3.13_qbz5n2kfra8p0\LocalCache\local-packages\Python313\site-packages\django\test\client.py", line 1087, in request
    response = self.handler(environ)
  File "C:\Users\tassi\AppData\Local\Packages\PythonSoftwareFoundation.Python.3.13_qbz5n2kfra8p0\LocalCache\local-packages\Python313\site-packages\django\test\client.py", line 186, in __call__
    response = self.get_response(request)
  File "C:\Users\tassi\AppData\Local\Packages\PythonSoftwareFoundation.Python.3.13_qbz5n2kfra8p0\LocalCache\local-packages\Python313\site-packages\django\core\handlers\base.py", line 140, in get_response
    response = self._middleware_chain(request)
  File "C:\Users\tassi\AppData\Local\Packages\PythonSoftwareFoundation.Python.3.13_qbz5n2kfra8p0\LocalCache\local-packages\Python313\site-packages\django\core\handlers\exception.py", line 55, in inner
    response = get_response(request)
  File "C:\Users\tassi\AppData\Local\Packages\PythonSoftwareFoundation.Python.3.13_qbz5n2kfra8p0\LocalCache\local-packages\Python313\site-packages\django\utils\deprecation.py", line 129, in __call__
    response = response or self.get_response(request)
  File "C:\Users\tassi\AppData\Local\Packages\PythonSoftwareFoundation.Python.3.13_qbz5n2kfra8p0\LocalCache\local-packages\Python313\site-packages\django\core\handlers\exception.py", line 55, in inner
    response = get_response(request)
  File "C:\Users\tassi\AppData\Local\Packages\PythonSoftwareFoundation.Python.3.13_qbz5n2kfra8p0\LocalCache\local-packages\Python313\site-packages\whitenoise\middleware.py", line 123, in __call__
    return self.get_response(request)
  File "C:\Users\tassi\AppData\Local\Packages\PythonSoftwareFoundation.Python.3.13_qbz5n2kfra8p0\LocalCache\local-packages\Python313\site-packages\django\core\handlers\exception.py", line 55, in inner
    response = get_response(request)
  File "C:\Users\tassi\AppData\Local\Packages\PythonSoftwareFoundation.Python.3.13_qbz5n2kfra8p0\LocalCache\local-packages\Python313\site-packages\django\utils\deprecation.py", line 129, in __call__
    response = response or self.get_response(request)
  File "C:\Users\tassi\AppData\Local\Packages\PythonSoftwareFoundation.Python.3.13_qbz5n2kfra8p0\LocalCache\local-packages\Python313\site-packages\django\core\handlers\exception.py", line 55, in inner
    response = get_response(request)
  File "C:\Users\tassi\AppData\Local\Packages\PythonSoftwareFoundation.Python.3.13_qbz5n2kfra8p0\LocalCache\local-packages\Python313\site-packages\django\utils\deprecation.py", line 129, in __call__
    response = response or self.get_response(request)
  File "C:\Users\tassi\AppData\Local\Packages\PythonSoftwareFoundation.Python.3.13_qbz5n2kfra8p0\LocalCache\local-packages\Python313\site-packages\django\core\handlers\exception.py", line 55, in inner
    response = get_response(request)
  File "C:\Users\tassi\AppData\Local\Packages\PythonSoftwareFoundation.Python.3.13_qbz5n2kfra8p0\LocalCache\local-packages\Python313\site-packages\django\utils\deprecation.py", line 129, in __call__
    response = response or self.get_response(request)
  File "C:\Users\tassi\AppData\Local\Packages\PythonSoftwareFoundation.Python.3.13_qbz5n2kfra8p0\LocalCache\local-packages\Python313\site-packages\django\core\handlers\exception.py", line 55, in inner
    response = get_response(request)
  File "C:\Users\tassi\AppData\Local\Packages\PythonSoftwareFoundation.Python.3.13_qbz5n2kfra8p0\LocalCache\local-packages\Python313\site-packages\django\utils\deprecation.py", line 129, in __call__
    response = response or self.get_response(request)
  File "C:\Users\tassi\AppData\Local\Packages\PythonSoftwareFoundation.Python.3.13_qbz5n2kfra8p0\LocalCache\local-packages\Python313\site-packages\django\core\handlers\exception.py", line 55, in inner
    response = get_response(request)
  File "C:\Users\tassi\AppData\Local\Packages\PythonSoftwareFoundation.Python.3.13_qbz5n2kfra8p0\LocalCache\local-packages\Python313\site-packages\django\utils\deprecation.py", line 129, in __call__
    response = response or self.get_response(request)
  File "C:\Users\tassi\AppData\Local\Packages\PythonSoftwareFoundation.Python.3.13_qbz5n2kfra8p0\LocalCache\local-packages\Python313\site-packages\django\core\handlers\exception.py", line 55, in inner
    response = get_response(request)
  File "C:\Users\tassi\AppData\Local\Packages\PythonSoftwareFoundation.Python.3.13_qbz5n2kfra8p0\LocalCache\local-packages\Python313\site-packages\django\utils\deprecation.py", line 129, in __call__
    response = response or self.get_response(request)
> File "C:\Users\tassi\AppData\Local\Packages\PythonSoftwareFoundation.Python.3.13_qbz5n2kfra8p0\LocalCache\local-packages\Python313\site-packages\django\core\handlers\exception.py", line 55, in inner
    response = get_response(request)
  File "C:\Users\tassi\AppData\Local\Packages\PythonSoftwareFoundation.Python.3.13_qbz5n2kfra8p0\LocalCache\local-packages\Python313\site-packages\django\core\handlers\base.py", line 197, in _get_response
    response = wrapped_callback(request, *callback_args, **callback_kwargs)
  File "C:\Users\tassi\AppData\Local\Packages\PythonSoftwareFoundation.Python.3.13_qbz5n2kfra8p0\LocalCache\local-packages\Python313\site-packages\django\contrib\auth\decorators.py", line 60, in _view_wrapper
    return view_func(request, *args, **kwargs)

  File "C:\dev\MeuPortfolio\finanças\core\views_loans.py", line 223, in loan_make_payment
    AuditLog.objects.create(

  File "C:\Program Files\WindowsApps\PythonSoftwareFoundation.Python.3.13_3.13.3824.0_x64__qbz5n2kfra8p0\Lib\unittest\mock.py", line 1169, in __call__
    return self._mock_call(*args, **kwargs)
  File "C:\Program Files\WindowsApps\PythonSoftwareFoundation.Python.3.13_3.13.3824.0_x64__qbz5n2kfra8p0\Lib\unittest\mock.py", line 1173, in _mock_call
    return self._execute_mock_call(*args, **kwargs)
  File "C:\Program Files\WindowsApps\PythonSoftwareFoundation.Python.3.13_3.13.3824.0_x64__qbz5n2kfra8p0\Lib\unittest\mock.py", line 1234, in _execute_mock_call
    raise effect

RuntimeError: boom
2026-09-27 12:17:22.975 | ERROR    | logging:callHandlers:1737 - Internal Server Error: /accounts/transfer/
Traceback (most recent call last):

  File "C:\dev\MeuPortfolio\finanças\manage.py", line 22, in <module>
    main()

  File "C:\dev\MeuPortfolio\finanças\manage.py", line 18, in main
    execute_from_command_line(sys.argv)

  File "C:\Users\tassi\AppData\Local\Packages\PythonSoftwareFoundation.Python.3.13_qbz5n2kfra8p0\LocalCache\local-packages\Python313\site-packages\django\core\management\__init__.py", line 442, in execute_from_command_line
    utility.execute()
  File "C:\Users\tassi\AppData\Local\Packages\PythonSoftwareFoundation.Python.3.13_qbz5n2kfra8p0\LocalCache\local-packages\Python313\site-packages\django\core\management\__init__.py", line 436, in execute
    self.fetch_command(subcommand).run_from_argv(self.argv)
  File "C:\Users\tassi\AppData\Local\Packages\PythonSoftwareFoundation.Python.3.13_qbz5n2kfra8p0\LocalCache\local-packages\Python313\site-packages\django\core\management\commands\test.py", line 24, in run_from_argv
    super().run_from_argv(argv)
  File "C:\Users\tassi\AppData\Local\Packages\PythonSoftwareFoundation.Python.3.13_qbz5n2kfra8p0\LocalCache\local-packages\Python313\site-packages\django\core\management\base.py", line 413, in run_from_argv
    self.execute(*args, **cmd_options)
  File "C:\Users\tassi\AppData\Local\Packages\PythonSoftwareFoundation.Python.3.13_qbz5n2kfra8p0\LocalCache\local-packages\Python313\site-packages\django\core\management\base.py", line 459, in execute
    output = self.handle(*args, **options)
  File "C:\Users\tassi\AppData\Local\Packages\PythonSoftwareFoundation.Python.3.13_qbz5n2kfra8p0\LocalCache\local-packages\Python313\site-packages\django\core\management\commands\test.py", line 63, in handle
    failures = test_runner.run_tests(test_labels)
  File "C:\Users\tassi\AppData\Local\Packages\PythonSoftwareFoundation.Python.3.13_qbz5n2kfra8p0\LocalCache\local-packages\Python313\site-packages\django\test\runner.py", line 1073, in run_tests
    result = self.run_suite(suite)
  File "C:\Users\tassi\AppData\Local\Packages\PythonSoftwareFoundation.Python.3.13_qbz5n2kfra8p0\LocalCache\local-packages\Python313\site-packages\django\test\runner.py", line 1000, in run_suite
    return runner.run(suite)
  File "C:\Program Files\WindowsApps\PythonSoftwareFoundation.Python.3.13_3.13.3824.0_x64__qbz5n2kfra8p0\Lib\unittest\runner.py", line 240, in run
    test(result)
  File "C:\Program Files\WindowsApps\PythonSoftwareFoundation.Python.3.13_3.13.3824.0_x64__qbz5n2kfra8p0\Lib\unittest\suite.py", line 84, in __call__
    return self.run(*args, **kwds)
  File "C:\Program Files\WindowsApps\PythonSoftwareFoundation.Python.3.13_3.13.3824.0_x64__qbz5n2kfra8p0\Lib\unittest\suite.py", line 122, in run
    test(result)
  File "C:\Users\tassi\AppData\Local\Packages\PythonSoftwareFoundation.Python.3.13_qbz5n2kfra8p0\LocalCache\local-packages\Python313\site-packages\django\test\testcases.py", line 317, in __call__
    self._setup_and_call(result)
  File "C:\Users\tassi\AppData\Local\Packages\PythonSoftwareFoundation.Python.3.13_qbz5n2kfra8p0\LocalCache\local-packages\Python313\site-packages\django\test\testcases.py", line 369, in _setup_and_call
    super().__call__(result)
  File "C:\Program Files\WindowsApps\PythonSoftwareFoundation.Python.3.13_3.13.3824.0_x64__qbz5n2kfra8p0\Lib\unittest\case.py", line 707, in __call__
    return self.run(*args, **kwds)
  File "C:\Program Files\WindowsApps\PythonSoftwareFoundation.Python.3.13_3.13.3824.0_x64__qbz5n2kfra8p0\Lib\unittest\case.py", line 651, in run
    self._callTestMethod(testMethod)
  File "C:\Program Files\WindowsApps\PythonSoftwareFoundation.Python.3.13_3.13.3824.0_x64__qbz5n2kfra8p0\Lib\unittest\case.py", line 606, in _callTestMethod
    if method() is not None:

  File "C:\dev\MeuPortfolio\finanças\core\tests_atomicity.py", line 22, in test_failed_transfer_does_not_partially_update_balances
    self.client.post(reverse("transfer_create"), {

  File "C:\Users\tassi\AppData\Local\Packages\PythonSoftwareFoundation.Python.3.13_qbz5n2kfra8p0\LocalCache\local-packages\Python313\site-packages\django\test\client.py", line 1158, in post
    response = super().post(
  File "C:\Users\tassi\AppData\Local\Packages\PythonSoftwareFoundation.Python.3.13_qbz5n2kfra8p0\LocalCache\local-packages\Python313\site-packages\django\test\client.py", line 503, in post
    return self.generic(
  File "C:\Users\tassi\AppData\Local\Packages\PythonSoftwareFoundation.Python.3.13_qbz5n2kfra8p0\LocalCache\local-packages\Python313\site-packages\django\test\client.py", line 676, in generic
    return self.request(**r)
  File "C:\Users\tassi\AppData\Local\Packages\PythonSoftwareFoundation.Python.3.13_qbz5n2kfra8p0\LocalCache\local-packages\Python313\site-packages\django\test\client.py", line 1087, in request
    response = self.handler(environ)
  File "C:\Users\tassi\AppData\Local\Packages\PythonSoftwareFoundation.Python.3.13_qbz5n2kfra8p0\LocalCache\local-packages\Python313\site-packages\django\test\client.py", line 186, in __call__
    response = self.get_response(request)
  File "C:\Users\tassi\AppData\Local\Packages\PythonSoftwareFoundation.Python.3.13_qbz5n2kfra8p0\LocalCache\local-packages\Python313\site-packages\django\core\handlers\base.py", line 140, in get_response
    response = self._middleware_chain(request)
  File "C:\Users\tassi\AppData\Local\Packages\PythonSoftwareFoundation.Python.3.13_qbz5n2kfra8p0\LocalCache\local-packages\Python313\site-packages\django\core\handlers\exception.py", line 55, in inner
    response = get_response(request)
  File "C:\Users\tassi\AppData\Local\Packages\PythonSoftwareFoundation.Python.3.13_qbz5n2kfra8p0\LocalCache\local-packages\Python313\site-packages\django\utils\deprecation.py", line 129, in __call__
    response = response or self.get_response(request)
  File "C:\Users\tassi\AppData\Local\Packages\PythonSoftwareFoundation.Python.3.13_qbz5n2kfra8p0\LocalCache\local-packages\Python313\site-packages\django\core\handlers\exception.py", line 55, in inner
    response = get_response(request)
  File "C:\Users\tassi\AppData\Local\Packages\PythonSoftwareFoundation.Python.3.13_qbz5n2kfra8p0\LocalCache\local-packages\Python313\site-packages\whitenoise\middleware.py", line 123, in __call__
    return self.get_response(request)
  File "C:\Users\tassi\AppData\Local\Packages\PythonSoftwareFoundation.Python.3.13_qbz5n2kfra8p0\LocalCache\local-packages\Python313\site-packages\django\core\handlers\exception.py", line 55, in inner
    response = get_response(request)
  File "C:\Users\tassi\AppData\Local\Packages\PythonSoftwareFoundation.Python.3.13_qbz5n2kfra8p0\LocalCache\local-packages\Python313\site-packages\django\utils\deprecation.py", line 129, in __call__
    response = response or self.get_response(request)
  File "C:\Users\tassi\AppData\Local\Packages\PythonSoftwareFoundation.Python.3.13_qbz5n2kfra8p0\LocalCache\local-packages\Python313\site-packages\django\core\handlers\exception.py", line 55, in inner
    response = get_response(request)
  File "C:\Users\tassi\AppData\Local\Packages\PythonSoftwareFoundation.Python.3.13_qbz5n2kfra8p0\LocalCache\local-packages\Python313\site-packages\django\utils\deprecation.py", line 129, in __call__
    response = response or self.get_response(request)
  File "C:\Users\tassi\AppData\Local\Packages\PythonSoftwareFoundation.Python.3.13_qbz5n2kfra8p0\LocalCache\local-packages\Python313\site-packages\django\core\handlers\exception.py", line 55, in inner
    response = get_response(request)
  File "C:\Users\tassi\AppData\Local\Packages\PythonSoftwareFoundation.Python.3.13_qbz5n2kfra8p0\LocalCache\local-packages\Python313\site-packages\django\utils\deprecation.py", line 129, in __call__
    response = response or self.get_response(request)
  File "C:\Users\tassi\AppData\Local\Packages\PythonSoftwareFoundation.Python.3.13_qbz5n2kfra8p0\LocalCache\local-packages\Python313\site-packages\django\core\handlers\exception.py", line 55, in inner
    response = get_response(request)
  File "C:\Users\tassi\AppData\Local\Packages\PythonSoftwareFoundation.Python.3.13_qbz5n2kfra8p0\LocalCache\local-packages\Python313\site-packages\django\utils\deprecation.py", line 129, in __call__
    response = response or self.get_response(request)
  File "C:\Users\tassi\AppData\Local\Packages\PythonSoftwareFoundation.Python.3.13_qbz5n2kfra8p0\LocalCache\local-packages\Python313\site-packages\django\core\handlers\exception.py", line 55, in inner
    response = get_response(request)
  File "C:\Users\tassi\AppData\Local\Packages\PythonSoftwareFoundation.Python.3.13_qbz5n2kfra8p0\LocalCache\local-packages\Python313\site-packages\django\utils\deprecation.py", line 129, in __call__
    response = response or self.get_response(request)
  File "C:\Users\tassi\AppData\Local\Packages\PythonSoftwareFoundation.Python.3.13_qbz5n2kfra8p0\LocalCache\local-packages\Python313\site-packages\django\core\handlers\exception.py", line 55, in inner
    response = get_response(request)
  File "C:\Users\tassi\AppData\Local\Packages\PythonSoftwareFoundation.Python.3.13_qbz5n2kfra8p0\LocalCache\local-packages\Python313\site-packages\django\utils\deprecation.py", line 129, in __call__
    response = response or self.get_response(request)
> File "C:\Users\tassi\AppData\Local\Packages\PythonSoftwareFoundation.Python.3.13_qbz5n2kfra8p0\LocalCache\local-packages\Python313\site-packages\django\core\handlers\exception.py", line 55, in inner
    response = get_response(request)
  File "C:\Users\tassi\AppData\Local\Packages\PythonSoftwareFoundation.Python.3.13_qbz5n2kfra8p0\LocalCache\local-packages\Python313\site-packages\django\core\handlers\base.py", line 197, in _get_response
    response = wrapped_callback(request, *callback_args, **callback_kwargs)
  File "C:\Users\tassi\AppData\Local\Packages\PythonSoftwareFoundation.Python.3.13_qbz5n2kfra8p0\LocalCache\local-packages\Python313\site-packages\django\contrib\auth\decorators.py", line 60, in _view_wrapper
    return view_func(request, *args, **kwargs)

  File "C:\dev\MeuPortfolio\finanças\core\views_accounts.py", line 85, in transfer_create
    AuditLog.objects.create(

  File "C:\Program Files\WindowsApps\PythonSoftwareFoundation.Python.3.13_3.13.3824.0_x64__qbz5n2kfra8p0\Lib\unittest\mock.py", line 1169, in __call__
    return self._mock_call(*args, **kwargs)
  File "C:\Program Files\WindowsApps\PythonSoftwareFoundation.Python.3.13_3.13.3824.0_x64__qbz5n2kfra8p0\Lib\unittest\mock.py", line 1173, in _mock_call
    return self._execute_mock_call(*args, **kwargs)
  File "C:\Program Files\WindowsApps\PythonSoftwareFoundation.Python.3.13_3.13.3824.0_x64__qbz5n2kfra8p0\Lib\unittest\mock.py", line 1234, in _execute_mock_call
    raise effect

RuntimeError: boom
2026-09-27 12:17:24.363 | WARNING  | logging:callHandlers:1737 - Not Found: /loans/1/payments/1/revert/
2026-09-27 12:17:24.439 | INFO     | core.views_loans:form_valid:113 - Loan 1 created for duda
2026-09-27 12:17:24.463 | INFO     | core.views_loans:form_valid:113 - Loan 1 created for duda
2026-09-27 12:17:24.620 | WARNING  | core.market_data:get_latest_indicator:48 - No data returned for BCB series 432; falling back to 0.0
2026-09-27 12:17:24.623 | WARNING  | core.forms:clean:246 - yfinance name lookup failed for PETR4.SA: yfinance down
2026-09-27 12:17:25.072 | WARNING  | logging:callHandlers:1737 - Method Not Allowed (GET): /transactions/bulk-delete/
2026-09-27 12:27:45.723 | INFO     | logging:callHandlers:1737 - Serving on http://0.0.0.0:8080
2026-09-27 12:28:58.751 | INFO     | logging:callHandlers:1737 - Serving on http://0.0.0.0:8080
2026-09-27 12:33:15.097 | INFO     | logging:callHandlers:1737 - Serving on http://0.0.0.0:8080
2026-09-27 12:39:59.897 | INFO     | logging:callHandlers:1737 - Serving on http://0.0.0.0:8080
2026-09-27 12:40:18.512 | INFO     | core.views_reports:reports:35 - Generating reports for user testuser
2026-09-27 12:40:19.435 | ERROR    | logging:callHandlers:1737 - Internal Server Error: /loans/1/pay/
Traceback (most recent call last):

  File "C:\dev\MeuPortfolio\finanças\manage.py", line 22, in <module>
    main()

  File "C:\dev\MeuPortfolio\finanças\manage.py", line 18, in main
    execute_from_command_line(sys.argv)

  File "C:\Users\tassi\AppData\Local\Packages\PythonSoftwareFoundation.Python.3.13_qbz5n2kfra8p0\LocalCache\local-packages\Python313\site-packages\django\core\management\__init__.py", line 442, in execute_from_command_line
    utility.execute()
  File "C:\Users\tassi\AppData\Local\Packages\PythonSoftwareFoundation.Python.3.13_qbz5n2kfra8p0\LocalCache\local-packages\Python313\site-packages\django\core\management\__init__.py", line 436, in execute
    self.fetch_command(subcommand).run_from_argv(self.argv)
  File "C:\Users\tassi\AppData\Local\Packages\PythonSoftwareFoundation.Python.3.13_qbz5n2kfra8p0\LocalCache\local-packages\Python313\site-packages\django\core\management\commands\test.py", line 24, in run_from_argv
    super().run_from_argv(argv)
  File "C:\Users\tassi\AppData\Local\Packages\PythonSoftwareFoundation.Python.3.13_qbz5n2kfra8p0\LocalCache\local-packages\Python313\site-packages\django\core\management\base.py", line 413, in run_from_argv
    self.execute(*args, **cmd_options)
  File "C:\Users\tassi\AppData\Local\Packages\PythonSoftwareFoundation.Python.3.13_qbz5n2kfra8p0\LocalCache\local-packages\Python313\site-packages\django\core\management\base.py", line 459, in execute
    output = self.handle(*args, **options)
  File "C:\Users\tassi\AppData\Local\Packages\PythonSoftwareFoundation.Python.3.13_qbz5n2kfra8p0\LocalCache\local-packages\Python313\site-packages\django\core\management\commands\test.py", line 63, in handle
    failures = test_runner.run_tests(test_labels)
  File "C:\Users\tassi\AppData\Local\Packages\PythonSoftwareFoundation.Python.3.13_qbz5n2kfra8p0\LocalCache\local-packages\Python313\site-packages\django\test\runner.py", line 1073, in run_tests
    result = self.run_suite(suite)
  File "C:\Users\tassi\AppData\Local\Packages\PythonSoftwareFoundation.Python.3.13_qbz5n2kfra8p0\LocalCache\local-packages\Python313\site-packages\django\test\runner.py", line 1000, in run_suite
    return runner.run(suite)
  File "C:\Program Files\WindowsApps\PythonSoftwareFoundation.Python.3.13_3.13.3824.0_x64__qbz5n2kfra8p0\Lib\unittest\runner.py", line 240, in run
    test(result)
  File "C:\Program Files\WindowsApps\PythonSoftwareFoundation.Python.3.13_3.13.3824.0_x64__qbz5n2kfra8p0\Lib\unittest\suite.py", line 84, in __call__
    return self.run(*args, **kwds)
  File "C:\Program Files\WindowsApps\PythonSoftwareFoundation.Python.3.13_3.13.3824.0_x64__qbz5n2kfra8p0\Lib\unittest\suite.py", line 122, in run
    test(result)
  File "C:\Users\tassi\AppData\Local\Packages\PythonSoftwareFoundation.Python.3.13_qbz5n2kfra8p0\LocalCache\local-packages\Python313\site-packages\django\test\testcases.py", line 317, in __call__
    self._setup_and_call(result)
  File "C:\Users\tassi\AppData\Local\Packages\PythonSoftwareFoundation.Python.3.13_qbz5n2kfra8p0\LocalCache\local-packages\Python313\site-packages\django\test\testcases.py", line 369, in _setup_and_call
    super().__call__(result)
  File "C:\Program Files\WindowsApps\PythonSoftwareFoundation.Python.3.13_3.13.3824.0_x64__qbz5n2kfra8p0\Lib\unittest\case.py", line 707, in __call__
    return self.run(*args, **kwds)
  File "C:\Program Files\WindowsApps\PythonSoftwareFoundation.Python.3.13_3.13.3824.0_x64__qbz5n2kfra8p0\Lib\unittest\case.py", line 651, in run
    self._callTestMethod(testMethod)
  File "C:\Program Files\WindowsApps\PythonSoftwareFoundation.Python.3.13_3.13.3824.0_x64__qbz5n2kfra8p0\Lib\unittest\case.py", line 606, in _callTestMethod
    if method() is not None:

  File "C:\dev\MeuPortfolio\finanças\core\tests_atomicity.py", line 50, in test_failed_payment_does_not_change_loan_balance
    self.client.post(reverse("loan_pay", args=[self.loan.pk]), {

  File "C:\Users\tassi\AppData\Local\Packages\PythonSoftwareFoundation.Python.3.13_qbz5n2kfra8p0\LocalCache\local-packages\Python313\site-packages\django\test\client.py", line 1158, in post
    response = super().post(
  File "C:\Users\tassi\AppData\Local\Packages\PythonSoftwareFoundation.Python.3.13_qbz5n2kfra8p0\LocalCache\local-packages\Python313\site-packages\django\test\client.py", line 503, in post
    return self.generic(
  File "C:\Users\tassi\AppData\Local\Packages\PythonSoftwareFoundation.Python.3.13_qbz5n2kfra8p0\LocalCache\local-packages\Python313\site-packages\django\test\client.py", line 676, in generic
    return self.request(**r)
  File "C:\Users\tassi\AppData\Local\Packages\PythonSoftwareFoundation.Python.3.13_qbz5n2kfra8p0\LocalCache\local-packages\Python313\site-packages\django\test\client.py", line 1087, in request
    response = self.handler(environ)
  File "C:\Users\tassi\AppData\Local\Packages\PythonSoftwareFoundation.Python.3.13_qbz5n2kfra8p0\LocalCache\local-packages\Python313\site-packages\django\test\client.py", line 186, in __call__
    response = self.get_response(request)
  File "C:\Users\tassi\AppData\Local\Packages\PythonSoftwareFoundation.Python.3.13_qbz5n2kfra8p0\LocalCache\local-packages\Python313\site-packages\django\core\handlers\base.py", line 140, in get_response
    response = self._middleware_chain(request)
  File "C:\Users\tassi\AppData\Local\Packages\PythonSoftwareFoundation.Python.3.13_qbz5n2kfra8p0\LocalCache\local-packages\Python313\site-packages\django\core\handlers\exception.py", line 55, in inner
    response = get_response(request)
  File "C:\Users\tassi\AppData\Local\Packages\PythonSoftwareFoundation.Python.3.13_qbz5n2kfra8p0\LocalCache\local-packages\Python313\site-packages\django\utils\deprecation.py", line 129, in __call__
    response = response or self.get_response(request)
  File "C:\Users\tassi\AppData\Local\Packages\PythonSoftwareFoundation.Python.3.13_qbz5n2kfra8p0\LocalCache\local-packages\Python313\site-packages\django\core\handlers\exception.py", line 55, in inner
    response = get_response(request)
  File "C:\Users\tassi\AppData\Local\Packages\PythonSoftwareFoundation.Python.3.13_qbz5n2kfra8p0\LocalCache\local-packages\Python313\site-packages\whitenoise\middleware.py", line 123, in __call__
    return self.get_response(request)
  File "C:\Users\tassi\AppData\Local\Packages\PythonSoftwareFoundation.Python.3.13_qbz5n2kfra8p0\LocalCache\local-packages\Python313\site-packages\django\core\handlers\exception.py", line 55, in inner
    response = get_response(request)
  File "C:\Users\tassi\AppData\Local\Packages\PythonSoftwareFoundation.Python.3.13_qbz5n2kfra8p0\LocalCache\local-packages\Python313\site-packages\django\utils\deprecation.py", line 129, in __call__
    response = response or self.get_response(request)
  File "C:\Users\tassi\AppData\Local\Packages\PythonSoftwareFoundation.Python.3.13_qbz5n2kfra8p0\LocalCache\local-packages\Python313\site-packages\django\core\handlers\exception.py", line 55, in inner
    response = get_response(request)
  File "C:\Users\tassi\AppData\Local\Packages\PythonSoftwareFoundation.Python.3.13_qbz5n2kfra8p0\LocalCache\local-packages\Python313\site-packages\django\utils\deprecation.py", line 129, in __call__
    response = response or self.get_response(request)
  File "C:\Users\tassi\AppData\Local\Packages\PythonSoftwareFoundation.Python.3.13_qbz5n2kfra8p0\LocalCache\local-packages\Python313\site-packages\django\core\handlers\exception.py", line 55, in inner
    response = get_response(request)
  File "C:\Users\tassi\AppData\Local\Packages\PythonSoftwareFoundation.Python.3.13_qbz5n2kfra8p0\LocalCache\local-packages\Python313\site-packages\django\utils\deprecation.py", line 129, in __call__
    response = response or self.get_response(request)
  File "C:\Users\tassi\AppData\Local\Packages\PythonSoftwareFoundation.Python.3.13_qbz5n2kfra8p0\LocalCache\local-packages\Python313\site-packages\django\core\handlers\exception.py", line 55, in inner
    response = get_response(request)
  File "C:\Users\tassi\AppData\Local\Packages\PythonSoftwareFoundation.Python.3.13_qbz5n2kfra8p0\LocalCache\local-packages\Python313\site-packages\django\utils\deprecation.py", line 129, in __call__
    response = response or self.get_response(request)
  File "C:\Users\tassi\AppData\Local\Packages\PythonSoftwareFoundation.Python.3.13_qbz5n2kfra8p0\LocalCache\local-packages\Python313\site-packages\django\core\handlers\exception.py", line 55, in inner
    response = get_response(request)
  File "C:\Users\tassi\AppData\Local\Packages\PythonSoftwareFoundation.Python.3.13_qbz5n2kfra8p0\LocalCache\local-packages\Python313\site-packages\django\utils\deprecation.py", line 129, in __call__
    response = response or self.get_response(request)
  File "C:\Users\tassi\AppData\Local\Packages\PythonSoftwareFoundation.Python.3.13_qbz5n2kfra8p0\LocalCache\local-packages\Python313\site-packages\django\core\handlers\exception.py", line 55, in inner
    response = get_response(request)
  File "C:\Users\tassi\AppData\Local\Packages\PythonSoftwareFoundation.Python.3.13_qbz5n2kfra8p0\LocalCache\local-packages\Python313\site-packages\django\utils\deprecation.py", line 129, in __call__
    response = response or self.get_response(request)
> File "C:\Users\tassi\AppData\Local\Packages\PythonSoftwareFoundation.Python.3.13_qbz5n2kfra8p0\LocalCache\local-packages\Python313\site-packages\django\core\handlers\exception.py", line 55, in inner
    response = get_response(request)
  File "C:\Users\tassi\AppData\Local\Packages\PythonSoftwareFoundation.Python.3.13_qbz5n2kfra8p0\LocalCache\local-packages\Python313\site-packages\django\core\handlers\base.py", line 197, in _get_response
    response = wrapped_callback(request, *callback_args, **callback_kwargs)
  File "C:\Users\tassi\AppData\Local\Packages\PythonSoftwareFoundation.Python.3.13_qbz5n2kfra8p0\LocalCache\local-packages\Python313\site-packages\django\contrib\auth\decorators.py", line 60, in _view_wrapper
    return view_func(request, *args, **kwargs)

  File "C:\dev\MeuPortfolio\finanças\core\views_loans.py", line 224, in loan_make_payment
    AuditLog.objects.create(

  File "C:\Program Files\WindowsApps\PythonSoftwareFoundation.Python.3.13_3.13.3824.0_x64__qbz5n2kfra8p0\Lib\unittest\mock.py", line 1169, in __call__
    return self._mock_call(*args, **kwargs)
  File "C:\Program Files\WindowsApps\PythonSoftwareFoundation.Python.3.13_3.13.3824.0_x64__qbz5n2kfra8p0\Lib\unittest\mock.py", line 1173, in _mock_call
    return self._execute_mock_call(*args, **kwargs)
  File "C:\Program Files\WindowsApps\PythonSoftwareFoundation.Python.3.13_3.13.3824.0_x64__qbz5n2kfra8p0\Lib\unittest\mock.py", line 1234, in _execute_mock_call
    raise effect

RuntimeError: boom
2026-09-27 12:40:19.595 | ERROR    | logging:callHandlers:1737 - Internal Server Error: /accounts/transfer/
Traceback (most recent call last):

  File "C:\dev\MeuPortfolio\finanças\manage.py", line 22, in <module>
    main()

  File "C:\dev\MeuPortfolio\finanças\manage.py", line 18, in main
    execute_from_command_line(sys.argv)

  File "C:\Users\tassi\AppData\Local\Packages\PythonSoftwareFoundation.Python.3.13_qbz5n2kfra8p0\LocalCache\local-packages\Python313\site-packages\django\core\management\__init__.py", line 442, in execute_from_command_line
    utility.execute()
  File "C:\Users\tassi\AppData\Local\Packages\PythonSoftwareFoundation.Python.3.13_qbz5n2kfra8p0\LocalCache\local-packages\Python313\site-packages\django\core\management\__init__.py", line 436, in execute
    self.fetch_command(subcommand).run_from_argv(self.argv)
  File "C:\Users\tassi\AppData\Local\Packages\PythonSoftwareFoundation.Python.3.13_qbz5n2kfra8p0\LocalCache\local-packages\Python313\site-packages\django\core\management\commands\test.py", line 24, in run_from_argv
    super().run_from_argv(argv)
  File "C:\Users\tassi\AppData\Local\Packages\PythonSoftwareFoundation.Python.3.13_qbz5n2kfra8p0\LocalCache\local-packages\Python313\site-packages\django\core\management\base.py", line 413, in run_from_argv
    self.execute(*args, **cmd_options)
  File "C:\Users\tassi\AppData\Local\Packages\PythonSoftwareFoundation.Python.3.13_qbz5n2kfra8p0\LocalCache\local-packages\Python313\site-packages\django\core\management\base.py", line 459, in execute
    output = self.handle(*args, **options)
  File "C:\Users\tassi\AppData\Local\Packages\PythonSoftwareFoundation.Python.3.13_qbz5n2kfra8p0\LocalCache\local-packages\Python313\site-packages\django\core\management\commands\test.py", line 63, in handle
    failures = test_runner.run_tests(test_labels)
  File "C:\Users\tassi\AppData\Local\Packages\PythonSoftwareFoundation.Python.3.13_qbz5n2kfra8p0\LocalCache\local-packages\Python313\site-packages\django\test\runner.py", line 1073, in run_tests
    result = self.run_suite(suite)
  File "C:\Users\tassi\AppData\Local\Packages\PythonSoftwareFoundation.Python.3.13_qbz5n2kfra8p0\LocalCache\local-packages\Python313\site-packages\django\test\runner.py", line 1000, in run_suite
    return runner.run(suite)
  File "C:\Program Files\WindowsApps\PythonSoftwareFoundation.Python.3.13_3.13.3824.0_x64__qbz5n2kfra8p0\Lib\unittest\runner.py", line 240, in run
    test(result)
  File "C:\Program Files\WindowsApps\PythonSoftwareFoundation.Python.3.13_3.13.3824.0_x64__qbz5n2kfra8p0\Lib\unittest\suite.py", line 84, in __call__
    return self.run(*args, **kwds)
  File "C:\Program Files\WindowsApps\PythonSoftwareFoundation.Python.3.13_3.13.3824.0_x64__qbz5n2kfra8p0\Lib\unittest\suite.py", line 122, in run
    test(result)
  File "C:\Users\tassi\AppData\Local\Packages\PythonSoftwareFoundation.Python.3.13_qbz5n2kfra8p0\LocalCache\local-packages\Python313\site-packages\django\test\testcases.py", line 317, in __call__
    self._setup_and_call(result)
  File "C:\Users\tassi\AppData\Local\Packages\PythonSoftwareFoundation.Python.3.13_qbz5n2kfra8p0\LocalCache\local-packages\Python313\site-packages\django\test\testcases.py", line 369, in _setup_and_call
    super().__call__(result)
  File "C:\Program Files\WindowsApps\PythonSoftwareFoundation.Python.3.13_3.13.3824.0_x64__qbz5n2kfra8p0\Lib\unittest\case.py", line 707, in __call__
    return self.run(*args, **kwds)
  File "C:\Program Files\WindowsApps\PythonSoftwareFoundation.Python.3.13_3.13.3824.0_x64__qbz5n2kfra8p0\Lib\unittest\case.py", line 651, in run
    self._callTestMethod(testMethod)
  File "C:\Program Files\WindowsApps\PythonSoftwareFoundation.Python.3.13_3.13.3824.0_x64__qbz5n2kfra8p0\Lib\unittest\case.py", line 606, in _callTestMethod
    if method() is not None:

  File "C:\dev\MeuPortfolio\finanças\core\tests_atomicity.py", line 22, in test_failed_transfer_does_not_partially_update_balances
    self.client.post(reverse("transfer_create"), {

  File "C:\Users\tassi\AppData\Local\Packages\PythonSoftwareFoundation.Python.3.13_qbz5n2kfra8p0\LocalCache\local-packages\Python313\site-packages\django\test\client.py", line 1158, in post
    response = super().post(
  File "C:\Users\tassi\AppData\Local\Packages\PythonSoftwareFoundation.Python.3.13_qbz5n2kfra8p0\LocalCache\local-packages\Python313\site-packages\django\test\client.py", line 503, in post
    return self.generic(
  File "C:\Users\tassi\AppData\Local\Packages\PythonSoftwareFoundation.Python.3.13_qbz5n2kfra8p0\LocalCache\local-packages\Python313\site-packages\django\test\client.py", line 676, in generic
    return self.request(**r)
  File "C:\Users\tassi\AppData\Local\Packages\PythonSoftwareFoundation.Python.3.13_qbz5n2kfra8p0\LocalCache\local-packages\Python313\site-packages\django\test\client.py", line 1087, in request
    response = self.handler(environ)
  File "C:\Users\tassi\AppData\Local\Packages\PythonSoftwareFoundation.Python.3.13_qbz5n2kfra8p0\LocalCache\local-packages\Python313\site-packages\django\test\client.py", line 186, in __call__
    response = self.get_response(request)
  File "C:\Users\tassi\AppData\Local\Packages\PythonSoftwareFoundation.Python.3.13_qbz5n2kfra8p0\LocalCache\local-packages\Python313\site-packages\django\core\handlers\base.py", line 140, in get_response
    response = self._middleware_chain(request)
  File "C:\Users\tassi\AppData\Local\Packages\PythonSoftwareFoundation.Python.3.13_qbz5n2kfra8p0\LocalCache\local-packages\Python313\site-packages\django\core\handlers\exception.py", line 55, in inner
    response = get_response(request)
  File "C:\Users\tassi\AppData\Local\Packages\PythonSoftwareFoundation.Python.3.13_qbz5n2kfra8p0\LocalCache\local-packages\Python313\site-packages\django\utils\deprecation.py", line 129, in __call__
    response = response or self.get_response(request)
  File "C:\Users\tassi\AppData\Local\Packages\PythonSoftwareFoundation.Python.3.13_qbz5n2kfra8p0\LocalCache\local-packages\Python313\site-packages\django\core\handlers\exception.py", line 55, in inner
    response = get_response(request)
  File "C:\Users\tassi\AppData\Local\Packages\PythonSoftwareFoundation.Python.3.13_qbz5n2kfra8p0\LocalCache\local-packages\Python313\site-packages\whitenoise\middleware.py", line 123, in __call__
    return self.get_response(request)
  File "C:\Users\tassi\AppData\Local\Packages\PythonSoftwareFoundation.Python.3.13_qbz5n2kfra8p0\LocalCache\local-packages\Python313\site-packages\django\core\handlers\exception.py", line 55, in inner
    response = get_response(request)
  File "C:\Users\tassi\AppData\Local\Packages\PythonSoftwareFoundation.Python.3.13_qbz5n2kfra8p0\LocalCache\local-packages\Python313\site-packages\django\utils\deprecation.py", line 129, in __call__
    response = response or self.get_response(request)
  File "C:\Users\tassi\AppData\Local\Packages\PythonSoftwareFoundation.Python.3.13_qbz5n2kfra8p0\LocalCache\local-packages\Python313\site-packages\django\core\handlers\exception.py", line 55, in inner
    response = get_response(request)
  File "C:\Users\tassi\AppData\Local\Packages\PythonSoftwareFoundation.Python.3.13_qbz5n2kfra8p0\LocalCache\local-packages\Python313\site-packages\django\utils\deprecation.py", line 129, in __call__
    response = response or self.get_response(request)
  File "C:\Users\tassi\AppData\Local\Packages\PythonSoftwareFoundation.Python.3.13_qbz5n2kfra8p0\LocalCache\local-packages\Python313\site-packages\django\core\handlers\exception.py", line 55, in inner
    response = get_response(request)
  File "C:\Users\tassi\AppData\Local\Packages\PythonSoftwareFoundation.Python.3.13_qbz5n2kfra8p0\LocalCache\local-packages\Python313\site-packages\django\utils\deprecation.py", line 129, in __call__
    response = response or self.get_response(request)
  File "C:\Users\tassi\AppData\Local\Packages\PythonSoftwareFoundation.Python.3.13_qbz5n2kfra8p0\LocalCache\local-packages\Python313\site-packages\django\core\handlers\exception.py", line 55, in inner
    response = get_response(request)
  File "C:\Users\tassi\AppData\Local\Packages\PythonSoftwareFoundation.Python.3.13_qbz5n2kfra8p0\LocalCache\local-packages\Python313\site-packages\django\utils\deprecation.py", line 129, in __call__
    response = response or self.get_response(request)
  File "C:\Users\tassi\AppData\Local\Packages\PythonSoftwareFoundation.Python.3.13_qbz5n2kfra8p0\LocalCache\local-packages\Python313\site-packages\django\core\handlers\exception.py", line 55, in inner
    response = get_response(request)
  File "C:\Users\tassi\AppData\Local\Packages\PythonSoftwareFoundation.Python.3.13_qbz5n2kfra8p0\LocalCache\local-packages\Python313\site-packages\django\utils\deprecation.py", line 129, in __call__
    response = response or self.get_response(request)
  File "C:\Users\tassi\AppData\Local\Packages\PythonSoftwareFoundation.Python.3.13_qbz5n2kfra8p0\LocalCache\local-packages\Python313\site-packages\django\core\handlers\exception.py", line 55, in inner
    response = get_response(request)
  File "C:\Users\tassi\AppData\Local\Packages\PythonSoftwareFoundation.Python.3.13_qbz5n2kfra8p0\LocalCache\local-packages\Python313\site-packages\django\utils\deprecation.py", line 129, in __call__
    response = response or self.get_response(request)
> File "C:\Users\tassi\AppData\Local\Packages\PythonSoftwareFoundation.Python.3.13_qbz5n2kfra8p0\LocalCache\local-packages\Python313\site-packages\django\core\handlers\exception.py", line 55, in inner
    response = get_response(request)
  File "C:\Users\tassi\AppData\Local\Packages\PythonSoftwareFoundation.Python.3.13_qbz5n2kfra8p0\LocalCache\local-packages\Python313\site-packages\django\core\handlers\base.py", line 197, in _get_response
    response = wrapped_callback(request, *callback_args, **callback_kwargs)
  File "C:\Users\tassi\AppData\Local\Packages\PythonSoftwareFoundation.Python.3.13_qbz5n2kfra8p0\LocalCache\local-packages\Python313\site-packages\django\contrib\auth\decorators.py", line 60, in _view_wrapper
    return view_func(request, *args, **kwargs)

  File "C:\dev\MeuPortfolio\finanças\core\views_accounts.py", line 85, in transfer_create
    AuditLog.objects.create(

  File "C:\Program Files\WindowsApps\PythonSoftwareFoundation.Python.3.13_3.13.3824.0_x64__qbz5n2kfra8p0\Lib\unittest\mock.py", line 1169, in __call__
    return self._mock_call(*args, **kwargs)
  File "C:\Program Files\WindowsApps\PythonSoftwareFoundation.Python.3.13_3.13.3824.0_x64__qbz5n2kfra8p0\Lib\unittest\mock.py", line 1173, in _mock_call
    return self._execute_mock_call(*args, **kwargs)
  File "C:\Program Files\WindowsApps\PythonSoftwareFoundation.Python.3.13_3.13.3824.0_x64__qbz5n2kfra8p0\Lib\unittest\mock.py", line 1234, in _execute_mock_call
    raise effect

RuntimeError: boom
2026-09-27 12:40:21.216 | WARNING  | logging:callHandlers:1737 - Not Found: /loans/1/payments/1/revert/
2026-09-27 12:40:21.300 | INFO     | core.views_loans:form_valid:114 - Loan 1 created for duda
2026-09-27 12:40:21.324 | INFO     | core.views_loans:form_valid:114 - Loan 1 created for duda
2026-09-27 12:40:21.904 | WARNING  | core.market_data:get_latest_indicator:48 - No data returned for BCB series 432; falling back to 0.0
2026-09-27 12:40:21.906 | WARNING  | core.forms:clean:246 - yfinance name lookup failed for PETR4.SA: yfinance down
2026-09-27 12:40:22.322 | WARNING  | logging:callHandlers:1737 - Method Not Allowed (GET): /transactions/bulk-delete/
2026-09-27 12:42:02.947 | INFO     | logging:callHandlers:1737 - Serving on http://0.0.0.0:8080
2026-09-27 12:57:19.395 | ERROR    | logging:callHandlers:1737 - Internal Server Error: /
Traceback (most recent call last):

  File "C:\dev\MeuPortfolio\finanças\manage.py", line 22, in <module>
    main()

  File "C:\dev\MeuPortfolio\finanças\manage.py", line 18, in main
    execute_from_command_line(sys.argv)

  File "C:\Users\tassi\AppData\Local\Packages\PythonSoftwareFoundation.Python.3.13_qbz5n2kfra8p0\LocalCache\local-packages\Python313\site-packages\django\core\management\__init__.py", line 442, in execute_from_command_line
    utility.execute()
  File "C:\Users\tassi\AppData\Local\Packages\PythonSoftwareFoundation.Python.3.13_qbz5n2kfra8p0\LocalCache\local-packages\Python313\site-packages\django\core\management\__init__.py", line 436, in execute
    self.fetch_command(subcommand).run_from_argv(self.argv)
  File "C:\Users\tassi\AppData\Local\Packages\PythonSoftwareFoundation.Python.3.13_qbz5n2kfra8p0\LocalCache\local-packages\Python313\site-packages\django\core\management\commands\test.py", line 24, in run_from_argv
    super().run_from_argv(argv)
  File "C:\Users\tassi\AppData\Local\Packages\PythonSoftwareFoundation.Python.3.13_qbz5n2kfra8p0\LocalCache\local-packages\Python313\site-packages\django\core\management\base.py", line 413, in run_from_argv
    self.execute(*args, **cmd_options)
  File "C:\Users\tassi\AppData\Local\Packages\PythonSoftwareFoundation.Python.3.13_qbz5n2kfra8p0\LocalCache\local-packages\Python313\site-packages\django\core\management\base.py", line 459, in execute
    output = self.handle(*args, **options)
  File "C:\Users\tassi\AppData\Local\Packages\PythonSoftwareFoundation.Python.3.13_qbz5n2kfra8p0\LocalCache\local-packages\Python313\site-packages\django\core\management\commands\test.py", line 63, in handle
    failures = test_runner.run_tests(test_labels)
  File "C:\Users\tassi\AppData\Local\Packages\PythonSoftwareFoundation.Python.3.13_qbz5n2kfra8p0\LocalCache\local-packages\Python313\site-packages\django\test\runner.py", line 1073, in run_tests
    result = self.run_suite(suite)
  File "C:\Users\tassi\AppData\Local\Packages\PythonSoftwareFoundation.Python.3.13_qbz5n2kfra8p0\LocalCache\local-packages\Python313\site-packages\django\test\runner.py", line 1000, in run_suite
    return runner.run(suite)
  File "C:\Program Files\WindowsApps\PythonSoftwareFoundation.Python.3.13_3.13.3824.0_x64__qbz5n2kfra8p0\Lib\unittest\runner.py", line 240, in run
    test(result)
  File "C:\Program Files\WindowsApps\PythonSoftwareFoundation.Python.3.13_3.13.3824.0_x64__qbz5n2kfra8p0\Lib\unittest\suite.py", line 84, in __call__
    return self.run(*args, **kwds)
  File "C:\Program Files\WindowsApps\PythonSoftwareFoundation.Python.3.13_3.13.3824.0_x64__qbz5n2kfra8p0\Lib\unittest\suite.py", line 122, in run
    test(result)
  File "C:\Users\tassi\AppData\Local\Packages\PythonSoftwareFoundation.Python.3.13_qbz5n2kfra8p0\LocalCache\local-packages\Python313\site-packages\django\test\testcases.py", line 317, in __call__
    self._setup_and_call(result)
  File "C:\Users\tassi\AppData\Local\Packages\PythonSoftwareFoundation.Python.3.13_qbz5n2kfra8p0\LocalCache\local-packages\Python313\site-packages\django\test\testcases.py", line 369, in _setup_and_call
    super().__call__(result)
  File "C:\Program Files\WindowsApps\PythonSoftwareFoundation.Python.3.13_3.13.3824.0_x64__qbz5n2kfra8p0\Lib\unittest\case.py", line 707, in __call__
    return self.run(*args, **kwds)
  File "C:\Program Files\WindowsApps\PythonSoftwareFoundation.Python.3.13_3.13.3824.0_x64__qbz5n2kfra8p0\Lib\unittest\case.py", line 651, in run
    self._callTestMethod(testMethod)
  File "C:\Program Files\WindowsApps\PythonSoftwareFoundation.Python.3.13_3.13.3824.0_x64__qbz5n2kfra8p0\Lib\unittest\case.py", line 606, in _callTestMethod
    if method() is not None:

  File "C:\dev\MeuPortfolio\finanças\core\tests.py", line 47, in test_dashboard_view
    response = self.client.get(reverse('dashboard'))

  File "C:\Users\tassi\AppData\Local\Packages\PythonSoftwareFoundation.Python.3.13_qbz5n2kfra8p0\LocalCache\local-packages\Python313\site-packages\django\test\client.py", line 1129, in get
    response = super().get(
  File "C:\Users\tassi\AppData\Local\Packages\PythonSoftwareFoundation.Python.3.13_qbz5n2kfra8p0\LocalCache\local-packages\Python313\site-packages\django\test\client.py", line 479, in get
    return self.generic(
  File "C:\Users\tassi\AppData\Local\Packages\PythonSoftwareFoundation.Python.3.13_qbz5n2kfra8p0\LocalCache\local-packages\Python313\site-packages\django\test\client.py", line 676, in generic
    return self.request(**r)
  File "C:\Users\tassi\AppData\Local\Packages\PythonSoftwareFoundation.Python.3.13_qbz5n2kfra8p0\LocalCache\local-packages\Python313\site-packages\django\test\client.py", line 1087, in request
    response = self.handler(environ)
  File "C:\Users\tassi\AppData\Local\Packages\PythonSoftwareFoundation.Python.3.13_qbz5n2kfra8p0\LocalCache\local-packages\Python313\site-packages\django\test\client.py", line 186, in __call__
    response = self.get_response(request)
  File "C:\Users\tassi\AppData\Local\Packages\PythonSoftwareFoundation.Python.3.13_qbz5n2kfra8p0\LocalCache\local-packages\Python313\site-packages\django\core\handlers\base.py", line 140, in get_response
    response = self._middleware_chain(request)
  File "C:\Users\tassi\AppData\Local\Packages\PythonSoftwareFoundation.Python.3.13_qbz5n2kfra8p0\LocalCache\local-packages\Python313\site-packages\django\core\handlers\exception.py", line 55, in inner
    response = get_response(request)
  File "C:\Users\tassi\AppData\Local\Packages\PythonSoftwareFoundation.Python.3.13_qbz5n2kfra8p0\LocalCache\local-packages\Python313\site-packages\django\utils\deprecation.py", line 129, in __call__
    response = response or self.get_response(request)
  File "C:\Users\tassi\AppData\Local\Packages\PythonSoftwareFoundation.Python.3.13_qbz5n2kfra8p0\LocalCache\local-packages\Python313\site-packages\django\core\handlers\exception.py", line 55, in inner
    response = get_response(request)
  File "C:\Users\tassi\AppData\Local\Packages\PythonSoftwareFoundation.Python.3.13_qbz5n2kfra8p0\LocalCache\local-packages\Python313\site-packages\whitenoise\middleware.py", line 123, in __call__
    return self.get_response(request)
  File "C:\Users\tassi\AppData\Local\Packages\PythonSoftwareFoundation.Python.3.13_qbz5n2kfra8p0\LocalCache\local-packages\Python313\site-packages\django\core\handlers\exception.py", line 55, in inner
    response = get_response(request)
  File "C:\Users\tassi\AppData\Local\Packages\PythonSoftwareFoundation.Python.3.13_qbz5n2kfra8p0\LocalCache\local-packages\Python313\site-packages\django\utils\deprecation.py", line 129, in __call__
    response = response or self.get_response(request)
  File "C:\Users\tassi\AppData\Local\Packages\PythonSoftwareFoundation.Python.3.13_qbz5n2kfra8p0\LocalCache\local-packages\Python313\site-packages\django\core\handlers\exception.py", line 55, in inner
    response = get_response(request)
  File "C:\Users\tassi\AppData\Local\Packages\PythonSoftwareFoundation.Python.3.13_qbz5n2kfra8p0\LocalCache\local-packages\Python313\site-packages\django\utils\deprecation.py", line 129, in __call__
    response = response or self.get_response(request)
  File "C:\Users\tassi\AppData\Local\Packages\PythonSoftwareFoundation.Python.3.13_qbz5n2kfra8p0\LocalCache\local-packages\Python313\site-packages\django\core\handlers\exception.py", line 55, in inner
    response = get_response(request)
  File "C:\Users\tassi\AppData\Local\Packages\PythonSoftwareFoundation.Python.3.13_qbz5n2kfra8p0\LocalCache\local-packages\Python313\site-packages\django\utils\deprecation.py", line 129, in __call__
    response = response or self.get_response(request)
  File "C:\Users\tassi\AppData\Local\Packages\PythonSoftwareFoundation.Python.3.13_qbz5n2kfra8p0\LocalCache\local-packages\Python313\site-packages\django\core\handlers\exception.py", line 55, in inner
    response = get_response(request)
  File "C:\Users\tassi\AppData\Local\Packages\PythonSoftwareFoundation.Python.3.13_qbz5n2kfra8p0\LocalCache\local-packages\Python313\site-packages\django\utils\deprecation.py", line 129, in __call__
    response = response or self.get_response(request)
  File "C:\Users\tassi\AppData\Local\Packages\PythonSoftwareFoundation.Python.3.13_qbz5n2kfra8p0\LocalCache\local-packages\Python313\site-packages\django\core\handlers\exception.py", line 55, in inner
    response = get_response(request)
  File "C:\Users\tassi\AppData\Local\Packages\PythonSoftwareFoundation.Python.3.13_qbz5n2kfra8p0\LocalCache\local-packages\Python313\site-packages\django\utils\deprecation.py", line 129, in __call__
    response = response or self.get_response(request)
  File "C:\Users\tassi\AppData\Local\Packages\PythonSoftwareFoundation.Python.3.13_qbz5n2kfra8p0\LocalCache\local-packages\Python313\site-packages\django\core\handlers\exception.py", line 55, in inner
    response = get_response(request)
  File "C:\Users\tassi\AppData\Local\Packages\PythonSoftwareFoundation.Python.3.13_qbz5n2kfra8p0\LocalCache\local-packages\Python313\site-packages\django\utils\deprecation.py", line 129, in __call__
    response = response or self.get_response(request)
> File "C:\Users\tassi\AppData\Local\Packages\PythonSoftwareFoundation.Python.3.13_qbz5n2kfra8p0\LocalCache\local-packages\Python313\site-packages\django\core\handlers\exception.py", line 55, in inner
    response = get_response(request)
  File "C:\Users\tassi\AppData\Local\Packages\PythonSoftwareFoundation.Python.3.13_qbz5n2kfra8p0\LocalCache\local-packages\Python313\site-packages\django\core\handlers\base.py", line 197, in _get_response
    response = wrapped_callback(request, *callback_args, **callback_kwargs)
  File "C:\Users\tassi\AppData\Local\Packages\PythonSoftwareFoundation.Python.3.13_qbz5n2kfra8p0\LocalCache\local-packages\Python313\site-packages\django\contrib\auth\decorators.py", line 60, in _view_wrapper
    return view_func(request, *args, **kwargs)

  File "C:\dev\MeuPortfolio\finanças\core\views_dashboard.py", line 69, in dashboard
    this_month = _month_outlook(user, flt, anchor if flt.preset == "month" else t.replace(day=1))

UnboundLocalError: cannot access local variable 'anchor' where it is not associated with a value
2026-09-27 12:57:19.436 | INFO     | core.views_reports:reports:35 - Generating reports for user testuser
2026-09-27 12:57:19.515 | ERROR    | logging:callHandlers:1737 - Internal Server Error: /
Traceback (most recent call last):

  File "C:\dev\MeuPortfolio\finanças\manage.py", line 22, in <module>
    main()

  File "C:\dev\MeuPortfolio\finanças\manage.py", line 18, in main
    execute_from_command_line(sys.argv)

  File "C:\Users\tassi\AppData\Local\Packages\PythonSoftwareFoundation.Python.3.13_qbz5n2kfra8p0\LocalCache\local-packages\Python313\site-packages\django\core\management\__init__.py", line 442, in execute_from_command_line
    utility.execute()
  File "C:\Users\tassi\AppData\Local\Packages\PythonSoftwareFoundation.Python.3.13_qbz5n2kfra8p0\LocalCache\local-packages\Python313\site-packages\django\core\management\__init__.py", line 436, in execute
    self.fetch_command(subcommand).run_from_argv(self.argv)
  File "C:\Users\tassi\AppData\Local\Packages\PythonSoftwareFoundation.Python.3.13_qbz5n2kfra8p0\LocalCache\local-packages\Python313\site-packages\django\core\management\commands\test.py", line 24, in run_from_argv
    super().run_from_argv(argv)
  File "C:\Users\tassi\AppData\Local\Packages\PythonSoftwareFoundation.Python.3.13_qbz5n2kfra8p0\LocalCache\local-packages\Python313\site-packages\django\core\management\base.py", line 413, in run_from_argv
    self.execute(*args, **cmd_options)
  File "C:\Users\tassi\AppData\Local\Packages\PythonSoftwareFoundation.Python.3.13_qbz5n2kfra8p0\LocalCache\local-packages\Python313\site-packages\django\core\management\base.py", line 459, in execute
    output = self.handle(*args, **options)
  File "C:\Users\tassi\AppData\Local\Packages\PythonSoftwareFoundation.Python.3.13_qbz5n2kfra8p0\LocalCache\local-packages\Python313\site-packages\django\core\management\commands\test.py", line 63, in handle
    failures = test_runner.run_tests(test_labels)
  File "C:\Users\tassi\AppData\Local\Packages\PythonSoftwareFoundation.Python.3.13_qbz5n2kfra8p0\LocalCache\local-packages\Python313\site-packages\django\test\runner.py", line 1073, in run_tests
    result = self.run_suite(suite)
  File "C:\Users\tassi\AppData\Local\Packages\PythonSoftwareFoundation.Python.3.13_qbz5n2kfra8p0\LocalCache\local-packages\Python313\site-packages\django\test\runner.py", line 1000, in run_suite
    return runner.run(suite)
  File "C:\Program Files\WindowsApps\PythonSoftwareFoundation.Python.3.13_3.13.3824.0_x64__qbz5n2kfra8p0\Lib\unittest\runner.py", line 240, in run
    test(result)
  File "C:\Program Files\WindowsApps\PythonSoftwareFoundation.Python.3.13_3.13.3824.0_x64__qbz5n2kfra8p0\Lib\unittest\suite.py", line 84, in __call__
    return self.run(*args, **kwds)
  File "C:\Program Files\WindowsApps\PythonSoftwareFoundation.Python.3.13_3.13.3824.0_x64__qbz5n2kfra8p0\Lib\unittest\suite.py", line 122, in run
    test(result)
  File "C:\Users\tassi\AppData\Local\Packages\PythonSoftwareFoundation.Python.3.13_qbz5n2kfra8p0\LocalCache\local-packages\Python313\site-packages\django\test\testcases.py", line 317, in __call__
    self._setup_and_call(result)
  File "C:\Users\tassi\AppData\Local\Packages\PythonSoftwareFoundation.Python.3.13_qbz5n2kfra8p0\LocalCache\local-packages\Python313\site-packages\django\test\testcases.py", line 369, in _setup_and_call
    super().__call__(result)
  File "C:\Program Files\WindowsApps\PythonSoftwareFoundation.Python.3.13_3.13.3824.0_x64__qbz5n2kfra8p0\Lib\unittest\case.py", line 707, in __call__
    return self.run(*args, **kwds)
  File "C:\Program Files\WindowsApps\PythonSoftwareFoundation.Python.3.13_3.13.3824.0_x64__qbz5n2kfra8p0\Lib\unittest\case.py", line 651, in run
    self._callTestMethod(testMethod)
  File "C:\Program Files\WindowsApps\PythonSoftwareFoundation.Python.3.13_3.13.3824.0_x64__qbz5n2kfra8p0\Lib\unittest\case.py", line 606, in _callTestMethod
    if method() is not None:

  File "C:\dev\MeuPortfolio\finanças\core\tests_alerts.py", line 43, in test_alert_near_limit
    response = self.client.get(self.url)

  File "C:\Users\tassi\AppData\Local\Packages\PythonSoftwareFoundation.Python.3.13_qbz5n2kfra8p0\LocalCache\local-packages\Python313\site-packages\django\test\client.py", line 1129, in get
    response = super().get(
  File "C:\Users\tassi\AppData\Local\Packages\PythonSoftwareFoundation.Python.3.13_qbz5n2kfra8p0\LocalCache\local-packages\Python313\site-packages\django\test\client.py", line 479, in get
    return self.generic(
  File "C:\Users\tassi\AppData\Local\Packages\PythonSoftwareFoundation.Python.3.13_qbz5n2kfra8p0\LocalCache\local-packages\Python313\site-packages\django\test\client.py", line 676, in generic
    return self.request(**r)
  File "C:\Users\tassi\AppData\Local\Packages\PythonSoftwareFoundation.Python.3.13_qbz5n2kfra8p0\LocalCache\local-packages\Python313\site-packages\django\test\client.py", line 1087, in request
    response = self.handler(environ)
  File "C:\Users\tassi\AppData\Local\Packages\PythonSoftwareFoundation.Python.3.13_qbz5n2kfra8p0\LocalCache\local-packages\Python313\site-packages\django\test\client.py", line 186, in __call__
    response = self.get_response(request)
  File "C:\Users\tassi\AppData\Local\Packages\PythonSoftwareFoundation.Python.3.13_qbz5n2kfra8p0\LocalCache\local-packages\Python313\site-packages\django\core\handlers\base.py", line 140, in get_response
    response = self._middleware_chain(request)
  File "C:\Users\tassi\AppData\Local\Packages\PythonSoftwareFoundation.Python.3.13_qbz5n2kfra8p0\LocalCache\local-packages\Python313\site-packages\django\core\handlers\exception.py", line 55, in inner
    response = get_response(request)
  File "C:\Users\tassi\AppData\Local\Packages\PythonSoftwareFoundation.Python.3.13_qbz5n2kfra8p0\LocalCache\local-packages\Python313\site-packages\django\utils\deprecation.py", line 129, in __call__
    response = response or self.get_response(request)
  File "C:\Users\tassi\AppData\Local\Packages\PythonSoftwareFoundation.Python.3.13_qbz5n2kfra8p0\LocalCache\local-packages\Python313\site-packages\django\core\handlers\exception.py", line 55, in inner
    response = get_response(request)
  File "C:\Users\tassi\AppData\Local\Packages\PythonSoftwareFoundation.Python.3.13_qbz5n2kfra8p0\LocalCache\local-packages\Python313\site-packages\whitenoise\middleware.py", line 123, in __call__
    return self.get_response(request)
  File "C:\Users\tassi\AppData\Local\Packages\PythonSoftwareFoundation.Python.3.13_qbz5n2kfra8p0\LocalCache\local-packages\Python313\site-packages\django\core\handlers\exception.py", line 55, in inner
    response = get_response(request)
  File "C:\Users\tassi\AppData\Local\Packages\PythonSoftwareFoundation.Python.3.13_qbz5n2kfra8p0\LocalCache\local-packages\Python313\site-packages\django\utils\deprecation.py", line 129, in __call__
    response = response or self.get_response(request)
  File "C:\Users\tassi\AppData\Local\Packages\PythonSoftwareFoundation.Python.3.13_qbz5n2kfra8p0\LocalCache\local-packages\Python313\site-packages\django\core\handlers\exception.py", line 55, in inner
    response = get_response(request)
  File "C:\Users\tassi\AppData\Local\Packages\PythonSoftwareFoundation.Python.3.13_qbz5n2kfra8p0\LocalCache\local-packages\Python313\site-packages\django\utils\deprecation.py", line 129, in __call__
    response = response or self.get_response(request)
  File "C:\Users\tassi\AppData\Local\Packages\PythonSoftwareFoundation.Python.3.13_qbz5n2kfra8p0\LocalCache\local-packages\Python313\site-packages\django\core\handlers\exception.py", line 55, in inner
    response = get_response(request)
  File "C:\Users\tassi\AppData\Local\Packages\PythonSoftwareFoundation.Python.3.13_qbz5n2kfra8p0\LocalCache\local-packages\Python313\site-packages\django\utils\deprecation.py", line 129, in __call__
    response = response or self.get_response(request)
  File "C:\Users\tassi\AppData\Local\Packages\PythonSoftwareFoundation.Python.3.13_qbz5n2kfra8p0\LocalCache\local-packages\Python313\site-packages\django\core\handlers\exception.py", line 55, in inner
    response = get_response(request)
  File "C:\Users\tassi\AppData\Local\Packages\PythonSoftwareFoundation.Python.3.13_qbz5n2kfra8p0\LocalCache\local-packages\Python313\site-packages\django\utils\deprecation.py", line 129, in __call__
    response = response or self.get_response(request)
  File "C:\Users\tassi\AppData\Local\Packages\PythonSoftwareFoundation.Python.3.13_qbz5n2kfra8p0\LocalCache\local-packages\Python313\site-packages\django\core\handlers\exception.py", line 55, in inner
    response = get_response(request)
  File "C:\Users\tassi\AppData\Local\Packages\PythonSoftwareFoundation.Python.3.13_qbz5n2kfra8p0\LocalCache\local-packages\Python313\site-packages\django\utils\deprecation.py", line 129, in __call__
    response = response or self.get_response(request)
  File "C:\Users\tassi\AppData\Local\Packages\PythonSoftwareFoundation.Python.3.13_qbz5n2kfra8p0\LocalCache\local-packages\Python313\site-packages\django\core\handlers\exception.py", line 55, in inner
    response = get_response(request)
  File "C:\Users\tassi\AppData\Local\Packages\PythonSoftwareFoundation.Python.3.13_qbz5n2kfra8p0\LocalCache\local-packages\Python313\site-packages\django\utils\deprecation.py", line 129, in __call__
    response = response or self.get_response(request)
> File "C:\Users\tassi\AppData\Local\Packages\PythonSoftwareFoundation.Python.3.13_qbz5n2kfra8p0\LocalCache\local-packages\Python313\site-packages\django\core\handlers\exception.py", line 55, in inner
    response = get_response(request)
  File "C:\Users\tassi\AppData\Local\Packages\PythonSoftwareFoundation.Python.3.13_qbz5n2kfra8p0\LocalCache\local-packages\Python313\site-packages\django\core\handlers\base.py", line 197, in _get_response
    response = wrapped_callback(request, *callback_args, **callback_kwargs)
  File "C:\Users\tassi\AppData\Local\Packages\PythonSoftwareFoundation.Python.3.13_qbz5n2kfra8p0\LocalCache\local-packages\Python313\site-packages\django\contrib\auth\decorators.py", line 60, in _view_wrapper
    return view_func(request, *args, **kwargs)

  File "C:\dev\MeuPortfolio\finanças\core\views_dashboard.py", line 69, in dashboard
    this_month = _month_outlook(user, flt, anchor if flt.preset == "month" else t.replace(day=1))

UnboundLocalError: cannot access local variable 'anchor' where it is not associated with a value
2026-09-27 12:57:19.552 | ERROR    | logging:callHandlers:1737 - Internal Server Error: /
Traceback (most recent call last):

  File "C:\dev\MeuPortfolio\finanças\manage.py", line 22, in <module>
    main()

  File "C:\dev\MeuPortfolio\finanças\manage.py", line 18, in main
    execute_from_command_line(sys.argv)

  File "C:\Users\tassi\AppData\Local\Packages\PythonSoftwareFoundation.Python.3.13_qbz5n2kfra8p0\LocalCache\local-packages\Python313\site-packages\django\core\management\__init__.py", line 442, in execute_from_command_line
    utility.execute()
  File "C:\Users\tassi\AppData\Local\Packages\PythonSoftwareFoundation.Python.3.13_qbz5n2kfra8p0\LocalCache\local-packages\Python313\site-packages\django\core\management\__init__.py", line 436, in execute
    self.fetch_command(subcommand).run_from_argv(self.argv)
  File "C:\Users\tassi\AppData\Local\Packages\PythonSoftwareFoundation.Python.3.13_qbz5n2kfra8p0\LocalCache\local-packages\Python313\site-packages\django\core\management\commands\test.py", line 24, in run_from_argv
    super().run_from_argv(argv)
  File "C:\Users\tassi\AppData\Local\Packages\PythonSoftwareFoundation.Python.3.13_qbz5n2kfra8p0\LocalCache\local-packages\Python313\site-packages\django\core\management\base.py", line 413, in run_from_argv
    self.execute(*args, **cmd_options)
  File "C:\Users\tassi\AppData\Local\Packages\PythonSoftwareFoundation.Python.3.13_qbz5n2kfra8p0\LocalCache\local-packages\Python313\site-packages\django\core\management\base.py", line 459, in execute
    output = self.handle(*args, **options)
  File "C:\Users\tassi\AppData\Local\Packages\PythonSoftwareFoundation.Python.3.13_qbz5n2kfra8p0\LocalCache\local-packages\Python313\site-packages\django\core\management\commands\test.py", line 63, in handle
    failures = test_runner.run_tests(test_labels)
  File "C:\Users\tassi\AppData\Local\Packages\PythonSoftwareFoundation.Python.3.13_qbz5n2kfra8p0\LocalCache\local-packages\Python313\site-packages\django\test\runner.py", line 1073, in run_tests
    result = self.run_suite(suite)
  File "C:\Users\tassi\AppData\Local\Packages\PythonSoftwareFoundation.Python.3.13_qbz5n2kfra8p0\LocalCache\local-packages\Python313\site-packages\django\test\runner.py", line 1000, in run_suite
    return runner.run(suite)
  File "C:\Program Files\WindowsApps\PythonSoftwareFoundation.Python.3.13_3.13.3824.0_x64__qbz5n2kfra8p0\Lib\unittest\runner.py", line 240, in run
    test(result)
  File "C:\Program Files\WindowsApps\PythonSoftwareFoundation.Python.3.13_3.13.3824.0_x64__qbz5n2kfra8p0\Lib\unittest\suite.py", line 84, in __call__
    return self.run(*args, **kwds)
  File "C:\Program Files\WindowsApps\PythonSoftwareFoundation.Python.3.13_3.13.3824.0_x64__qbz5n2kfra8p0\Lib\unittest\suite.py", line 122, in run
    test(result)
  File "C:\Users\tassi\AppData\Local\Packages\PythonSoftwareFoundation.Python.3.13_qbz5n2kfra8p0\LocalCache\local-packages\Python313\site-packages\django\test\testcases.py", line 317, in __call__
    self._setup_and_call(result)
  File "C:\Users\tassi\AppData\Local\Packages\PythonSoftwareFoundation.Python.3.13_qbz5n2kfra8p0\LocalCache\local-packages\Python313\site-packages\django\test\testcases.py", line 369, in _setup_and_call
    super().__call__(result)
  File "C:\Program Files\WindowsApps\PythonSoftwareFoundation.Python.3.13_3.13.3824.0_x64__qbz5n2kfra8p0\Lib\unittest\case.py", line 707, in __call__
    return self.run(*args, **kwds)
  File "C:\Program Files\WindowsApps\PythonSoftwareFoundation.Python.3.13_3.13.3824.0_x64__qbz5n2kfra8p0\Lib\unittest\case.py", line 651, in run
    self._callTestMethod(testMethod)
  File "C:\Program Files\WindowsApps\PythonSoftwareFoundation.Python.3.13_3.13.3824.0_x64__qbz5n2kfra8p0\Lib\unittest\case.py", line 606, in _callTestMethod
    if method() is not None:

  File "C:\dev\MeuPortfolio\finanças\core\tests_alerts.py", line 60, in test_alert_over_limit
    response = self.client.get(self.url)

  File "C:\Users\tassi\AppData\Local\Packages\PythonSoftwareFoundation.Python.3.13_qbz5n2kfra8p0\LocalCache\local-packages\Python313\site-packages\django\test\client.py", line 1129, in get
    response = super().get(
  File "C:\Users\tassi\AppData\Local\Packages\PythonSoftwareFoundation.Python.3.13_qbz5n2kfra8p0\LocalCache\local-packages\Python313\site-packages\django\test\client.py", line 479, in get
    return self.generic(
  File "C:\Users\tassi\AppData\Local\Packages\PythonSoftwareFoundation.Python.3.13_qbz5n2kfra8p0\LocalCache\local-packages\Python313\site-packages\django\test\client.py", line 676, in generic
    return self.request(**r)
  File "C:\Users\tassi\AppData\Local\Packages\PythonSoftwareFoundation.Python.3.13_qbz5n2kfra8p0\LocalCache\local-packages\Python313\site-packages\django\test\client.py", line 1087, in request
    response = self.handler(environ)
  File "C:\Users\tassi\AppData\Local\Packages\PythonSoftwareFoundation.Python.3.13_qbz5n2kfra8p0\LocalCache\local-packages\Python313\site-packages\django\test\client.py", line 186, in __call__
    response = self.get_response(request)
  File "C:\Users\tassi\AppData\Local\Packages\PythonSoftwareFoundation.Python.3.13_qbz5n2kfra8p0\LocalCache\local-packages\Python313\site-packages\django\core\handlers\base.py", line 140, in get_response
    response = self._middleware_chain(request)
  File "C:\Users\tassi\AppData\Local\Packages\PythonSoftwareFoundation.Python.3.13_qbz5n2kfra8p0\LocalCache\local-packages\Python313\site-packages\django\core\handlers\exception.py", line 55, in inner
    response = get_response(request)
  File "C:\Users\tassi\AppData\Local\Packages\PythonSoftwareFoundation.Python.3.13_qbz5n2kfra8p0\LocalCache\local-packages\Python313\site-packages\django\utils\deprecation.py", line 129, in __call__
    response = response or self.get_response(request)
  File "C:\Users\tassi\AppData\Local\Packages\PythonSoftwareFoundation.Python.3.13_qbz5n2kfra8p0\LocalCache\local-packages\Python313\site-packages\django\core\handlers\exception.py", line 55, in inner
    response = get_response(request)
  File "C:\Users\tassi\AppData\Local\Packages\PythonSoftwareFoundation.Python.3.13_qbz5n2kfra8p0\LocalCache\local-packages\Python313\site-packages\whitenoise\middleware.py", line 123, in __call__
    return self.get_response(request)
  File "C:\Users\tassi\AppData\Local\Packages\PythonSoftwareFoundation.Python.3.13_qbz5n2kfra8p0\LocalCache\local-packages\Python313\site-packages\django\core\handlers\exception.py", line 55, in inner
    response = get_response(request)
  File "C:\Users\tassi\AppData\Local\Packages\PythonSoftwareFoundation.Python.3.13_qbz5n2kfra8p0\LocalCache\local-packages\Python313\site-packages\django\utils\deprecation.py", line 129, in __call__
    response = response or self.get_response(request)
  File "C:\Users\tassi\AppData\Local\Packages\PythonSoftwareFoundation.Python.3.13_qbz5n2kfra8p0\LocalCache\local-packages\Python313\site-packages\django\core\handlers\exception.py", line 55, in inner
    response = get_response(request)
  File "C:\Users\tassi\AppData\Local\Packages\PythonSoftwareFoundation.Python.3.13_qbz5n2kfra8p0\LocalCache\local-packages\Python313\site-packages\django\utils\deprecation.py", line 129, in __call__
    response = response or self.get_response(request)
  File "C:\Users\tassi\AppData\Local\Packages\PythonSoftwareFoundation.Python.3.13_qbz5n2kfra8p0\LocalCache\local-packages\Python313\site-packages\django\core\handlers\exception.py", line 55, in inner
    response = get_response(request)
  File "C:\Users\tassi\AppData\Local\Packages\PythonSoftwareFoundation.Python.3.13_qbz5n2kfra8p0\LocalCache\local-packages\Python313\site-packages\django\utils\deprecation.py", line 129, in __call__
    response = response or self.get_response(request)
  File "C:\Users\tassi\AppData\Local\Packages\PythonSoftwareFoundation.Python.3.13_qbz5n2kfra8p0\LocalCache\local-packages\Python313\site-packages\django\core\handlers\exception.py", line 55, in inner
    response = get_response(request)
  File "C:\Users\tassi\AppData\Local\Packages\PythonSoftwareFoundation.Python.3.13_qbz5n2kfra8p0\LocalCache\local-packages\Python313\site-packages\django\utils\deprecation.py", line 129, in __call__
    response = response or self.get_response(request)
  File "C:\Users\tassi\AppData\Local\Packages\PythonSoftwareFoundation.Python.3.13_qbz5n2kfra8p0\LocalCache\local-packages\Python313\site-packages\django\core\handlers\exception.py", line 55, in inner
    response = get_response(request)
  File "C:\Users\tassi\AppData\Local\Packages\PythonSoftwareFoundation.Python.3.13_qbz5n2kfra8p0\LocalCache\local-packages\Python313\site-packages\django\utils\deprecation.py", line 129, in __call__
    response = response or self.get_response(request)
  File "C:\Users\tassi\AppData\Local\Packages\PythonSoftwareFoundation.Python.3.13_qbz5n2kfra8p0\LocalCache\local-packages\Python313\site-packages\django\core\handlers\exception.py", line 55, in inner
    response = get_response(request)
  File "C:\Users\tassi\AppData\Local\Packages\PythonSoftwareFoundation.Python.3.13_qbz5n2kfra8p0\LocalCache\local-packages\Python313\site-packages\django\utils\deprecation.py", line 129, in __call__
    response = response or self.get_response(request)
> File "C:\Users\tassi\AppData\Local\Packages\PythonSoftwareFoundation.Python.3.13_qbz5n2kfra8p0\LocalCache\local-packages\Python313\site-packages\django\core\handlers\exception.py", line 55, in inner
    response = get_response(request)
  File "C:\Users\tassi\AppData\Local\Packages\PythonSoftwareFoundation.Python.3.13_qbz5n2kfra8p0\LocalCache\local-packages\Python313\site-packages\django\core\handlers\base.py", line 197, in _get_response
    response = wrapped_callback(request, *callback_args, **callback_kwargs)
  File "C:\Users\tassi\AppData\Local\Packages\PythonSoftwareFoundation.Python.3.13_qbz5n2kfra8p0\LocalCache\local-packages\Python313\site-packages\django\contrib\auth\decorators.py", line 60, in _view_wrapper
    return view_func(request, *args, **kwargs)

  File "C:\dev\MeuPortfolio\finanças\core\views_dashboard.py", line 69, in dashboard
    this_month = _month_outlook(user, flt, anchor if flt.preset == "month" else t.replace(day=1))

UnboundLocalError: cannot access local variable 'anchor' where it is not associated with a value
2026-09-27 12:57:19.649 | ERROR    | logging:callHandlers:1737 - Internal Server Error: /
Traceback (most recent call last):

  File "C:\dev\MeuPortfolio\finanças\manage.py", line 22, in <module>
    main()

  File "C:\dev\MeuPortfolio\finanças\manage.py", line 18, in main
    execute_from_command_line(sys.argv)

  File "C:\Users\tassi\AppData\Local\Packages\PythonSoftwareFoundation.Python.3.13_qbz5n2kfra8p0\LocalCache\local-packages\Python313\site-packages\django\core\management\__init__.py", line 442, in execute_from_command_line
    utility.execute()
  File "C:\Users\tassi\AppData\Local\Packages\PythonSoftwareFoundation.Python.3.13_qbz5n2kfra8p0\LocalCache\local-packages\Python313\site-packages\django\core\management\__init__.py", line 436, in execute
    self.fetch_command(subcommand).run_from_argv(self.argv)
  File "C:\Users\tassi\AppData\Local\Packages\PythonSoftwareFoundation.Python.3.13_qbz5n2kfra8p0\LocalCache\local-packages\Python313\site-packages\django\core\management\commands\test.py", line 24, in run_from_argv
    super().run_from_argv(argv)
  File "C:\Users\tassi\AppData\Local\Packages\PythonSoftwareFoundation.Python.3.13_qbz5n2kfra8p0\LocalCache\local-packages\Python313\site-packages\django\core\management\base.py", line 413, in run_from_argv
    self.execute(*args, **cmd_options)
  File "C:\Users\tassi\AppData\Local\Packages\PythonSoftwareFoundation.Python.3.13_qbz5n2kfra8p0\LocalCache\local-packages\Python313\site-packages\django\core\management\base.py", line 459, in execute
    output = self.handle(*args, **options)
  File "C:\Users\tassi\AppData\Local\Packages\PythonSoftwareFoundation.Python.3.13_qbz5n2kfra8p0\LocalCache\local-packages\Python313\site-packages\django\core\management\commands\test.py", line 63, in handle
    failures = test_runner.run_tests(test_labels)
  File "C:\Users\tassi\AppData\Local\Packages\PythonSoftwareFoundation.Python.3.13_qbz5n2kfra8p0\LocalCache\local-packages\Python313\site-packages\django\test\runner.py", line 1073, in run_tests
    result = self.run_suite(suite)
  File "C:\Users\tassi\AppData\Local\Packages\PythonSoftwareFoundation.Python.3.13_qbz5n2kfra8p0\LocalCache\local-packages\Python313\site-packages\django\test\runner.py", line 1000, in run_suite
    return runner.run(suite)
  File "C:\Program Files\WindowsApps\PythonSoftwareFoundation.Python.3.13_3.13.3824.0_x64__qbz5n2kfra8p0\Lib\unittest\runner.py", line 240, in run
    test(result)
  File "C:\Program Files\WindowsApps\PythonSoftwareFoundation.Python.3.13_3.13.3824.0_x64__qbz5n2kfra8p0\Lib\unittest\suite.py", line 84, in __call__
    return self.run(*args, **kwds)
  File "C:\Program Files\WindowsApps\PythonSoftwareFoundation.Python.3.13_3.13.3824.0_x64__qbz5n2kfra8p0\Lib\unittest\suite.py", line 122, in run
    test(result)
  File "C:\Users\tassi\AppData\Local\Packages\PythonSoftwareFoundation.Python.3.13_qbz5n2kfra8p0\LocalCache\local-packages\Python313\site-packages\django\test\testcases.py", line 317, in __call__
    self._setup_and_call(result)
  File "C:\Users\tassi\AppData\Local\Packages\PythonSoftwareFoundation.Python.3.13_qbz5n2kfra8p0\LocalCache\local-packages\Python313\site-packages\django\test\testcases.py", line 369, in _setup_and_call
    super().__call__(result)
  File "C:\Program Files\WindowsApps\PythonSoftwareFoundation.Python.3.13_3.13.3824.0_x64__qbz5n2kfra8p0\Lib\unittest\case.py", line 707, in __call__
    return self.run(*args, **kwds)
  File "C:\Program Files\WindowsApps\PythonSoftwareFoundation.Python.3.13_3.13.3824.0_x64__qbz5n2kfra8p0\Lib\unittest\case.py", line 651, in run
    self._callTestMethod(testMethod)
  File "C:\Program Files\WindowsApps\PythonSoftwareFoundation.Python.3.13_3.13.3824.0_x64__qbz5n2kfra8p0\Lib\unittest\case.py", line 606, in _callTestMethod
    if method() is not None:

  File "C:\dev\MeuPortfolio\finanças\core\tests_alerts.py", line 28, in test_no_alert_within_budget
    response = self.client.get(self.url)

  File "C:\Users\tassi\AppData\Local\Packages\PythonSoftwareFoundation.Python.3.13_qbz5n2kfra8p0\LocalCache\local-packages\Python313\site-packages\django\test\client.py", line 1129, in get
    response = super().get(
  File "C:\Users\tassi\AppData\Local\Packages\PythonSoftwareFoundation.Python.3.13_qbz5n2kfra8p0\LocalCache\local-packages\Python313\site-packages\django\test\client.py", line 479, in get
    return self.generic(
  File "C:\Users\tassi\AppData\Local\Packages\PythonSoftwareFoundation.Python.3.13_qbz5n2kfra8p0\LocalCache\local-packages\Python313\site-packages\django\test\client.py", line 676, in generic
    return self.request(**r)
  File "C:\Users\tassi\AppData\Local\Packages\PythonSoftwareFoundation.Python.3.13_qbz5n2kfra8p0\LocalCache\local-packages\Python313\site-packages\django\test\client.py", line 1087, in request
    response = self.handler(environ)
  File "C:\Users\tassi\AppData\Local\Packages\PythonSoftwareFoundation.Python.3.13_qbz5n2kfra8p0\LocalCache\local-packages\Python313\site-packages\django\test\client.py", line 186, in __call__
    response = self.get_response(request)
  File "C:\Users\tassi\AppData\Local\Packages\PythonSoftwareFoundation.Python.3.13_qbz5n2kfra8p0\LocalCache\local-packages\Python313\site-packages\django\core\handlers\base.py", line 140, in get_response
    response = self._middleware_chain(request)
  File "C:\Users\tassi\AppData\Local\Packages\PythonSoftwareFoundation.Python.3.13_qbz5n2kfra8p0\LocalCache\local-packages\Python313\site-packages\django\core\handlers\exception.py", line 55, in inner
    response = get_response(request)
  File "C:\Users\tassi\AppData\Local\Packages\PythonSoftwareFoundation.Python.3.13_qbz5n2kfra8p0\LocalCache\local-packages\Python313\site-packages\django\utils\deprecation.py", line 129, in __call__
    response = response or self.get_response(request)
  File "C:\Users\tassi\AppData\Local\Packages\PythonSoftwareFoundation.Python.3.13_qbz5n2kfra8p0\LocalCache\local-packages\Python313\site-packages\django\core\handlers\exception.py", line 55, in inner
    response = get_response(request)
  File "C:\Users\tassi\AppData\Local\Packages\PythonSoftwareFoundation.Python.3.13_qbz5n2kfra8p0\LocalCache\local-packages\Python313\site-packages\whitenoise\middleware.py", line 123, in __call__
    return self.get_response(request)
  File "C:\Users\tassi\AppData\Local\Packages\PythonSoftwareFoundation.Python.3.13_qbz5n2kfra8p0\LocalCache\local-packages\Python313\site-packages\django\core\handlers\exception.py", line 55, in inner
    response = get_response(request)
  File "C:\Users\tassi\AppData\Local\Packages\PythonSoftwareFoundation.Python.3.13_qbz5n2kfra8p0\LocalCache\local-packages\Python313\site-packages\django\utils\deprecation.py", line 129, in __call__
    response = response or self.get_response(request)
  File "C:\Users\tassi\AppData\Local\Packages\PythonSoftwareFoundation.Python.3.13_qbz5n2kfra8p0\LocalCache\local-packages\Python313\site-packages\django\core\handlers\exception.py", line 55, in inner
    response = get_response(request)
  File "C:\Users\tassi\AppData\Local\Packages\PythonSoftwareFoundation.Python.3.13_qbz5n2kfra8p0\LocalCache\local-packages\Python313\site-packages\django\utils\deprecation.py", line 129, in __call__
    response = response or self.get_response(request)
  File "C:\Users\tassi\AppData\Local\Packages\PythonSoftwareFoundation.Python.3.13_qbz5n2kfra8p0\LocalCache\local-packages\Python313\site-packages\django\core\handlers\exception.py", line 55, in inner
    response = get_response(request)
  File "C:\Users\tassi\AppData\Local\Packages\PythonSoftwareFoundation.Python.3.13_qbz5n2kfra8p0\LocalCache\local-packages\Python313\site-packages\django\utils\deprecation.py", line 129, in __call__
    response = response or self.get_response(request)
  File "C:\Users\tassi\AppData\Local\Packages\PythonSoftwareFoundation.Python.3.13_qbz5n2kfra8p0\LocalCache\local-packages\Python313\site-packages\django\core\handlers\exception.py", line 55, in inner
    response = get_response(request)
  File "C:\Users\tassi\AppData\Local\Packages\PythonSoftwareFoundation.Python.3.13_qbz5n2kfra8p0\LocalCache\local-packages\Python313\site-packages\django\utils\deprecation.py", line 129, in __call__
    response = response or self.get_response(request)
  File "C:\Users\tassi\AppData\Local\Packages\PythonSoftwareFoundation.Python.3.13_qbz5n2kfra8p0\LocalCache\local-packages\Python313\site-packages\django\core\handlers\exception.py", line 55, in inner
    response = get_response(request)
  File "C:\Users\tassi\AppData\Local\Packages\PythonSoftwareFoundation.Python.3.13_qbz5n2kfra8p0\LocalCache\local-packages\Python313\site-packages\django\utils\deprecation.py", line 129, in __call__
    response = response or self.get_response(request)
  File "C:\Users\tassi\AppData\Local\Packages\PythonSoftwareFoundation.Python.3.13_qbz5n2kfra8p0\LocalCache\local-packages\Python313\site-packages\django\core\handlers\exception.py", line 55, in inner
    response = get_response(request)
  File "C:\Users\tassi\AppData\Local\Packages\PythonSoftwareFoundation.Python.3.13_qbz5n2kfra8p0\LocalCache\local-packages\Python313\site-packages\django\utils\deprecation.py", line 129, in __call__
    response = response or self.get_response(request)
> File "C:\Users\tassi\AppData\Local\Packages\PythonSoftwareFoundation.Python.3.13_qbz5n2kfra8p0\LocalCache\local-packages\Python313\site-packages\django\core\handlers\exception.py", line 55, in inner
    response = get_response(request)
  File "C:\Users\tassi\AppData\Local\Packages\PythonSoftwareFoundation.Python.3.13_qbz5n2kfra8p0\LocalCache\local-packages\Python313\site-packages\django\core\handlers\base.py", line 197, in _get_response
    response = wrapped_callback(request, *callback_args, **callback_kwargs)
  File "C:\Users\tassi\AppData\Local\Packages\PythonSoftwareFoundation.Python.3.13_qbz5n2kfra8p0\LocalCache\local-packages\Python313\site-packages\django\contrib\auth\decorators.py", line 60, in _view_wrapper
    return view_func(request, *args, **kwargs)

  File "C:\dev\MeuPortfolio\finanças\core\views_dashboard.py", line 69, in dashboard
    this_month = _month_outlook(user, flt, anchor if flt.preset == "month" else t.replace(day=1))

UnboundLocalError: cannot access local variable 'anchor' where it is not associated with a value
2026-09-27 12:57:20.225 | ERROR    | logging:callHandlers:1737 - Internal Server Error: /loans/1/pay/
Traceback (most recent call last):

  File "C:\dev\MeuPortfolio\finanças\manage.py", line 22, in <module>
    main()

  File "C:\dev\MeuPortfolio\finanças\manage.py", line 18, in main
    execute_from_command_line(sys.argv)

  File "C:\Users\tassi\AppData\Local\Packages\PythonSoftwareFoundation.Python.3.13_qbz5n2kfra8p0\LocalCache\local-packages\Python313\site-packages\django\core\management\__init__.py", line 442, in execute_from_command_line
    utility.execute()
  File "C:\Users\tassi\AppData\Local\Packages\PythonSoftwareFoundation.Python.3.13_qbz5n2kfra8p0\LocalCache\local-packages\Python313\site-packages\django\core\management\__init__.py", line 436, in execute
    self.fetch_command(subcommand).run_from_argv(self.argv)
  File "C:\Users\tassi\AppData\Local\Packages\PythonSoftwareFoundation.Python.3.13_qbz5n2kfra8p0\LocalCache\local-packages\Python313\site-packages\django\core\management\commands\test.py", line 24, in run_from_argv
    super().run_from_argv(argv)
  File "C:\Users\tassi\AppData\Local\Packages\PythonSoftwareFoundation.Python.3.13_qbz5n2kfra8p0\LocalCache\local-packages\Python313\site-packages\django\core\management\base.py", line 413, in run_from_argv
    self.execute(*args, **cmd_options)
  File "C:\Users\tassi\AppData\Local\Packages\PythonSoftwareFoundation.Python.3.13_qbz5n2kfra8p0\LocalCache\local-packages\Python313\site-packages\django\core\management\base.py", line 459, in execute
    output = self.handle(*args, **options)
  File "C:\Users\tassi\AppData\Local\Packages\PythonSoftwareFoundation.Python.3.13_qbz5n2kfra8p0\LocalCache\local-packages\Python313\site-packages\django\core\management\commands\test.py", line 63, in handle
    failures = test_runner.run_tests(test_labels)
  File "C:\Users\tassi\AppData\Local\Packages\PythonSoftwareFoundation.Python.3.13_qbz5n2kfra8p0\LocalCache\local-packages\Python313\site-packages\django\test\runner.py", line 1073, in run_tests
    result = self.run_suite(suite)
  File "C:\Users\tassi\AppData\Local\Packages\PythonSoftwareFoundation.Python.3.13_qbz5n2kfra8p0\LocalCache\local-packages\Python313\site-packages\django\test\runner.py", line 1000, in run_suite
    return runner.run(suite)
  File "C:\Program Files\WindowsApps\PythonSoftwareFoundation.Python.3.13_3.13.3824.0_x64__qbz5n2kfra8p0\Lib\unittest\runner.py", line 240, in run
    test(result)
  File "C:\Program Files\WindowsApps\PythonSoftwareFoundation.Python.3.13_3.13.3824.0_x64__qbz5n2kfra8p0\Lib\unittest\suite.py", line 84, in __call__
    return self.run(*args, **kwds)
  File "C:\Program Files\WindowsApps\PythonSoftwareFoundation.Python.3.13_3.13.3824.0_x64__qbz5n2kfra8p0\Lib\unittest\suite.py", line 122, in run
    test(result)
  File "C:\Users\tassi\AppData\Local\Packages\PythonSoftwareFoundation.Python.3.13_qbz5n2kfra8p0\LocalCache\local-packages\Python313\site-packages\django\test\testcases.py", line 317, in __call__
    self._setup_and_call(result)
  File "C:\Users\tassi\AppData\Local\Packages\PythonSoftwareFoundation.Python.3.13_qbz5n2kfra8p0\LocalCache\local-packages\Python313\site-packages\django\test\testcases.py", line 369, in _setup_and_call
    super().__call__(result)
  File "C:\Program Files\WindowsApps\PythonSoftwareFoundation.Python.3.13_3.13.3824.0_x64__qbz5n2kfra8p0\Lib\unittest\case.py", line 707, in __call__
    return self.run(*args, **kwds)
  File "C:\Program Files\WindowsApps\PythonSoftwareFoundation.Python.3.13_3.13.3824.0_x64__qbz5n2kfra8p0\Lib\unittest\case.py", line 651, in run
    self._callTestMethod(testMethod)
  File "C:\Program Files\WindowsApps\PythonSoftwareFoundation.Python.3.13_3.13.3824.0_x64__qbz5n2kfra8p0\Lib\unittest\case.py", line 606, in _callTestMethod
    if method() is not None:

  File "C:\dev\MeuPortfolio\finanças\core\tests_atomicity.py", line 50, in test_failed_payment_does_not_change_loan_balance
    self.client.post(reverse("loan_pay", args=[self.loan.pk]), {

  File "C:\Users\tassi\AppData\Local\Packages\PythonSoftwareFoundation.Python.3.13_qbz5n2kfra8p0\LocalCache\local-packages\Python313\site-packages\django\test\client.py", line 1158, in post
    response = super().post(
  File "C:\Users\tassi\AppData\Local\Packages\PythonSoftwareFoundation.Python.3.13_qbz5n2kfra8p0\LocalCache\local-packages\Python313\site-packages\django\test\client.py", line 503, in post
    return self.generic(
  File "C:\Users\tassi\AppData\Local\Packages\PythonSoftwareFoundation.Python.3.13_qbz5n2kfra8p0\LocalCache\local-packages\Python313\site-packages\django\test\client.py", line 676, in generic
    return self.request(**r)
  File "C:\Users\tassi\AppData\Local\Packages\PythonSoftwareFoundation.Python.3.13_qbz5n2kfra8p0\LocalCache\local-packages\Python313\site-packages\django\test\client.py", line 1087, in request
    response = self.handler(environ)
  File "C:\Users\tassi\AppData\Local\Packages\PythonSoftwareFoundation.Python.3.13_qbz5n2kfra8p0\LocalCache\local-packages\Python313\site-packages\django\test\client.py", line 186, in __call__
    response = self.get_response(request)
  File "C:\Users\tassi\AppData\Local\Packages\PythonSoftwareFoundation.Python.3.13_qbz5n2kfra8p0\LocalCache\local-packages\Python313\site-packages\django\core\handlers\base.py", line 140, in get_response
    response = self._middleware_chain(request)
  File "C:\Users\tassi\AppData\Local\Packages\PythonSoftwareFoundation.Python.3.13_qbz5n2kfra8p0\LocalCache\local-packages\Python313\site-packages\django\core\handlers\exception.py", line 55, in inner
    response = get_response(request)
  File "C:\Users\tassi\AppData\Local\Packages\PythonSoftwareFoundation.Python.3.13_qbz5n2kfra8p0\LocalCache\local-packages\Python313\site-packages\django\utils\deprecation.py", line 129, in __call__
    response = response or self.get_response(request)
  File "C:\Users\tassi\AppData\Local\Packages\PythonSoftwareFoundation.Python.3.13_qbz5n2kfra8p0\LocalCache\local-packages\Python313\site-packages\django\core\handlers\exception.py", line 55, in inner
    response = get_response(request)
  File "C:\Users\tassi\AppData\Local\Packages\PythonSoftwareFoundation.Python.3.13_qbz5n2kfra8p0\LocalCache\local-packages\Python313\site-packages\whitenoise\middleware.py", line 123, in __call__
    return self.get_response(request)
  File "C:\Users\tassi\AppData\Local\Packages\PythonSoftwareFoundation.Python.3.13_qbz5n2kfra8p0\LocalCache\local-packages\Python313\site-packages\django\core\handlers\exception.py", line 55, in inner
    response = get_response(request)
  File "C:\Users\tassi\AppData\Local\Packages\PythonSoftwareFoundation.Python.3.13_qbz5n2kfra8p0\LocalCache\local-packages\Python313\site-packages\django\utils\deprecation.py", line 129, in __call__
    response = response or self.get_response(request)
  File "C:\Users\tassi\AppData\Local\Packages\PythonSoftwareFoundation.Python.3.13_qbz5n2kfra8p0\LocalCache\local-packages\Python313\site-packages\django\core\handlers\exception.py", line 55, in inner
    response = get_response(request)
  File "C:\Users\tassi\AppData\Local\Packages\PythonSoftwareFoundation.Python.3.13_qbz5n2kfra8p0\LocalCache\local-packages\Python313\site-packages\django\utils\deprecation.py", line 129, in __call__
    response = response or self.get_response(request)
  File "C:\Users\tassi\AppData\Local\Packages\PythonSoftwareFoundation.Python.3.13_qbz5n2kfra8p0\LocalCache\local-packages\Python313\site-packages\django\core\handlers\exception.py", line 55, in inner
    response = get_response(request)
  File "C:\Users\tassi\AppData\Local\Packages\PythonSoftwareFoundation.Python.3.13_qbz5n2kfra8p0\LocalCache\local-packages\Python313\site-packages\django\utils\deprecation.py", line 129, in __call__
    response = response or self.get_response(request)
  File "C:\Users\tassi\AppData\Local\Packages\PythonSoftwareFoundation.Python.3.13_qbz5n2kfra8p0\LocalCache\local-packages\Python313\site-packages\django\core\handlers\exception.py", line 55, in inner
    response = get_response(request)
  File "C:\Users\tassi\AppData\Local\Packages\PythonSoftwareFoundation.Python.3.13_qbz5n2kfra8p0\LocalCache\local-packages\Python313\site-packages\django\utils\deprecation.py", line 129, in __call__
    response = response or self.get_response(request)
  File "C:\Users\tassi\AppData\Local\Packages\PythonSoftwareFoundation.Python.3.13_qbz5n2kfra8p0\LocalCache\local-packages\Python313\site-packages\django\core\handlers\exception.py", line 55, in inner
    response = get_response(request)
  File "C:\Users\tassi\AppData\Local\Packages\PythonSoftwareFoundation.Python.3.13_qbz5n2kfra8p0\LocalCache\local-packages\Python313\site-packages\django\utils\deprecation.py", line 129, in __call__
    response = response or self.get_response(request)
  File "C:\Users\tassi\AppData\Local\Packages\PythonSoftwareFoundation.Python.3.13_qbz5n2kfra8p0\LocalCache\local-packages\Python313\site-packages\django\core\handlers\exception.py", line 55, in inner
    response = get_response(request)
  File "C:\Users\tassi\AppData\Local\Packages\PythonSoftwareFoundation.Python.3.13_qbz5n2kfra8p0\LocalCache\local-packages\Python313\site-packages\django\utils\deprecation.py", line 129, in __call__
    response = response or self.get_response(request)
> File "C:\Users\tassi\AppData\Local\Packages\PythonSoftwareFoundation.Python.3.13_qbz5n2kfra8p0\LocalCache\local-packages\Python313\site-packages\django\core\handlers\exception.py", line 55, in inner
    response = get_response(request)
  File "C:\Users\tassi\AppData\Local\Packages\PythonSoftwareFoundation.Python.3.13_qbz5n2kfra8p0\LocalCache\local-packages\Python313\site-packages\django\core\handlers\base.py", line 197, in _get_response
    response = wrapped_callback(request, *callback_args, **callback_kwargs)
  File "C:\Users\tassi\AppData\Local\Packages\PythonSoftwareFoundation.Python.3.13_qbz5n2kfra8p0\LocalCache\local-packages\Python313\site-packages\django\contrib\auth\decorators.py", line 60, in _view_wrapper
    return view_func(request, *args, **kwargs)

  File "C:\dev\MeuPortfolio\finanças\core\views_loans.py", line 224, in loan_make_payment
    AuditLog.objects.create(

  File "C:\Program Files\WindowsApps\PythonSoftwareFoundation.Python.3.13_3.13.3824.0_x64__qbz5n2kfra8p0\Lib\unittest\mock.py", line 1169, in __call__
    return self._mock_call(*args, **kwargs)
  File "C:\Program Files\WindowsApps\PythonSoftwareFoundation.Python.3.13_3.13.3824.0_x64__qbz5n2kfra8p0\Lib\unittest\mock.py", line 1173, in _mock_call
    return self._execute_mock_call(*args, **kwargs)
  File "C:\Program Files\WindowsApps\PythonSoftwareFoundation.Python.3.13_3.13.3824.0_x64__qbz5n2kfra8p0\Lib\unittest\mock.py", line 1234, in _execute_mock_call
    raise effect

RuntimeError: boom
2026-09-27 12:57:20.259 | ERROR    | logging:callHandlers:1737 - Internal Server Error: /accounts/transfer/
Traceback (most recent call last):

  File "C:\dev\MeuPortfolio\finanças\manage.py", line 22, in <module>
    main()

  File "C:\dev\MeuPortfolio\finanças\manage.py", line 18, in main
    execute_from_command_line(sys.argv)

  File "C:\Users\tassi\AppData\Local\Packages\PythonSoftwareFoundation.Python.3.13_qbz5n2kfra8p0\LocalCache\local-packages\Python313\site-packages\django\core\management\__init__.py", line 442, in execute_from_command_line
    utility.execute()
  File "C:\Users\tassi\AppData\Local\Packages\PythonSoftwareFoundation.Python.3.13_qbz5n2kfra8p0\LocalCache\local-packages\Python313\site-packages\django\core\management\__init__.py", line 436, in execute
    self.fetch_command(subcommand).run_from_argv(self.argv)
  File "C:\Users\tassi\AppData\Local\Packages\PythonSoftwareFoundation.Python.3.13_qbz5n2kfra8p0\LocalCache\local-packages\Python313\site-packages\django\core\management\commands\test.py", line 24, in run_from_argv
    super().run_from_argv(argv)
  File "C:\Users\tassi\AppData\Local\Packages\PythonSoftwareFoundation.Python.3.13_qbz5n2kfra8p0\LocalCache\local-packages\Python313\site-packages\django\core\management\base.py", line 413, in run_from_argv
    self.execute(*args, **cmd_options)
  File "C:\Users\tassi\AppData\Local\Packages\PythonSoftwareFoundation.Python.3.13_qbz5n2kfra8p0\LocalCache\local-packages\Python313\site-packages\django\core\management\base.py", line 459, in execute
    output = self.handle(*args, **options)
  File "C:\Users\tassi\AppData\Local\Packages\PythonSoftwareFoundation.Python.3.13_qbz5n2kfra8p0\LocalCache\local-packages\Python313\site-packages\django\core\management\commands\test.py", line 63, in handle
    failures = test_runner.run_tests(test_labels)
  File "C:\Users\tassi\AppData\Local\Packages\PythonSoftwareFoundation.Python.3.13_qbz5n2kfra8p0\LocalCache\local-packages\Python313\site-packages\django\test\runner.py", line 1073, in run_tests
    result = self.run_suite(suite)
  File "C:\Users\tassi\AppData\Local\Packages\PythonSoftwareFoundation.Python.3.13_qbz5n2kfra8p0\LocalCache\local-packages\Python313\site-packages\django\test\runner.py", line 1000, in run_suite
    return runner.run(suite)
  File "C:\Program Files\WindowsApps\PythonSoftwareFoundation.Python.3.13_3.13.3824.0_x64__qbz5n2kfra8p0\Lib\unittest\runner.py", line 240, in run
    test(result)
  File "C:\Program Files\WindowsApps\PythonSoftwareFoundation.Python.3.13_3.13.3824.0_x64__qbz5n2kfra8p0\Lib\unittest\suite.py", line 84, in __call__
    return self.run(*args, **kwds)
  File "C:\Program Files\WindowsApps\PythonSoftwareFoundation.Python.3.13_3.13.3824.0_x64__qbz5n2kfra8p0\Lib\unittest\suite.py", line 122, in run
    test(result)
  File "C:\Users\tassi\AppData\Local\Packages\PythonSoftwareFoundation.Python.3.13_qbz5n2kfra8p0\LocalCache\local-packages\Python313\site-packages\django\test\testcases.py", line 317, in __call__
    self._setup_and_call(result)
  File "C:\Users\tassi\AppData\Local\Packages\PythonSoftwareFoundation.Python.3.13_qbz5n2kfra8p0\LocalCache\local-packages\Python313\site-packages\django\test\testcases.py", line 369, in _setup_and_call
    super().__call__(result)
  File "C:\Program Files\WindowsApps\PythonSoftwareFoundation.Python.3.13_3.13.3824.0_x64__qbz5n2kfra8p0\Lib\unittest\case.py", line 707, in __call__
    return self.run(*args, **kwds)
  File "C:\Program Files\WindowsApps\PythonSoftwareFoundation.Python.3.13_3.13.3824.0_x64__qbz5n2kfra8p0\Lib\unittest\case.py", line 651, in run
    self._callTestMethod(testMethod)
  File "C:\Program Files\WindowsApps\PythonSoftwareFoundation.Python.3.13_3.13.3824.0_x64__qbz5n2kfra8p0\Lib\unittest\case.py", line 606, in _callTestMethod
    if method() is not None:

  File "C:\dev\MeuPortfolio\finanças\core\tests_atomicity.py", line 22, in test_failed_transfer_does_not_partially_update_balances
    self.client.post(reverse("transfer_create"), {

  File "C:\Users\tassi\AppData\Local\Packages\PythonSoftwareFoundation.Python.3.13_qbz5n2kfra8p0\LocalCache\local-packages\Python313\site-packages\django\test\client.py", line 1158, in post
    response = super().post(
  File "C:\Users\tassi\AppData\Local\Packages\PythonSoftwareFoundation.Python.3.13_qbz5n2kfra8p0\LocalCache\local-packages\Python313\site-packages\django\test\client.py", line 503, in post
    return self.generic(
  File "C:\Users\tassi\AppData\Local\Packages\PythonSoftwareFoundation.Python.3.13_qbz5n2kfra8p0\LocalCache\local-packages\Python313\site-packages\django\test\client.py", line 676, in generic
    return self.request(**r)
  File "C:\Users\tassi\AppData\Local\Packages\PythonSoftwareFoundation.Python.3.13_qbz5n2kfra8p0\LocalCache\local-packages\Python313\site-packages\django\test\client.py", line 1087, in request
    response = self.handler(environ)
  File "C:\Users\tassi\AppData\Local\Packages\PythonSoftwareFoundation.Python.3.13_qbz5n2kfra8p0\LocalCache\local-packages\Python313\site-packages\django\test\client.py", line 186, in __call__
    response = self.get_response(request)
  File "C:\Users\tassi\AppData\Local\Packages\PythonSoftwareFoundation.Python.3.13_qbz5n2kfra8p0\LocalCache\local-packages\Python313\site-packages\django\core\handlers\base.py", line 140, in get_response
    response = self._middleware_chain(request)
  File "C:\Users\tassi\AppData\Local\Packages\PythonSoftwareFoundation.Python.3.13_qbz5n2kfra8p0\LocalCache\local-packages\Python313\site-packages\django\core\handlers\exception.py", line 55, in inner
    response = get_response(request)
  File "C:\Users\tassi\AppData\Local\Packages\PythonSoftwareFoundation.Python.3.13_qbz5n2kfra8p0\LocalCache\local-packages\Python313\site-packages\django\utils\deprecation.py", line 129, in __call__
    response = response or self.get_response(request)
  File "C:\Users\tassi\AppData\Local\Packages\PythonSoftwareFoundation.Python.3.13_qbz5n2kfra8p0\LocalCache\local-packages\Python313\site-packages\django\core\handlers\exception.py", line 55, in inner
    response = get_response(request)
  File "C:\Users\tassi\AppData\Local\Packages\PythonSoftwareFoundation.Python.3.13_qbz5n2kfra8p0\LocalCache\local-packages\Python313\site-packages\whitenoise\middleware.py", line 123, in __call__
    return self.get_response(request)
  File "C:\Users\tassi\AppData\Local\Packages\PythonSoftwareFoundation.Python.3.13_qbz5n2kfra8p0\LocalCache\local-packages\Python313\site-packages\django\core\handlers\exception.py", line 55, in inner
    response = get_response(request)
  File "C:\Users\tassi\AppData\Local\Packages\PythonSoftwareFoundation.Python.3.13_qbz5n2kfra8p0\LocalCache\local-packages\Python313\site-packages\django\utils\deprecation.py", line 129, in __call__
    response = response or self.get_response(request)
  File "C:\Users\tassi\AppData\Local\Packages\PythonSoftwareFoundation.Python.3.13_qbz5n2kfra8p0\LocalCache\local-packages\Python313\site-packages\django\core\handlers\exception.py", line 55, in inner
    response = get_response(request)
  File "C:\Users\tassi\AppData\Local\Packages\PythonSoftwareFoundation.Python.3.13_qbz5n2kfra8p0\LocalCache\local-packages\Python313\site-packages\django\utils\deprecation.py", line 129, in __call__
    response = response or self.get_response(request)
  File "C:\Users\tassi\AppData\Local\Packages\PythonSoftwareFoundation.Python.3.13_qbz5n2kfra8p0\LocalCache\local-packages\Python313\site-packages\django\core\handlers\exception.py", line 55, in inner
    response = get_response(request)
  File "C:\Users\tassi\AppData\Local\Packages\PythonSoftwareFoundation.Python.3.13_qbz5n2kfra8p0\LocalCache\local-packages\Python313\site-packages\django\utils\deprecation.py", line 129, in __call__
    response = response or self.get_response(request)
  File "C:\Users\tassi\AppData\Local\Packages\PythonSoftwareFoundation.Python.3.13_qbz5n2kfra8p0\LocalCache\local-packages\Python313\site-packages\django\core\handlers\exception.py", line 55, in inner
    response = get_response(request)
  File "C:\Users\tassi\AppData\Local\Packages\PythonSoftwareFoundation.Python.3.13_qbz5n2kfra8p0\LocalCache\local-packages\Python313\site-packages\django\utils\deprecation.py", line 129, in __call__
    response = response or self.get_response(request)
  File "C:\Users\tassi\AppData\Local\Packages\PythonSoftwareFoundation.Python.3.13_qbz5n2kfra8p0\LocalCache\local-packages\Python313\site-packages\django\core\handlers\exception.py", line 55, in inner
    response = get_response(request)
  File "C:\Users\tassi\AppData\Local\Packages\PythonSoftwareFoundation.Python.3.13_qbz5n2kfra8p0\LocalCache\local-packages\Python313\site-packages\django\utils\deprecation.py", line 129, in __call__
    response = response or self.get_response(request)
  File "C:\Users\tassi\AppData\Local\Packages\PythonSoftwareFoundation.Python.3.13_qbz5n2kfra8p0\LocalCache\local-packages\Python313\site-packages\django\core\handlers\exception.py", line 55, in inner
    response = get_response(request)
  File "C:\Users\tassi\AppData\Local\Packages\PythonSoftwareFoundation.Python.3.13_qbz5n2kfra8p0\LocalCache\local-packages\Python313\site-packages\django\utils\deprecation.py", line 129, in __call__
    response = response or self.get_response(request)
> File "C:\Users\tassi\AppData\Local\Packages\PythonSoftwareFoundation.Python.3.13_qbz5n2kfra8p0\LocalCache\local-packages\Python313\site-packages\django\core\handlers\exception.py", line 55, in inner
    response = get_response(request)
  File "C:\Users\tassi\AppData\Local\Packages\PythonSoftwareFoundation.Python.3.13_qbz5n2kfra8p0\LocalCache\local-packages\Python313\site-packages\django\core\handlers\base.py", line 197, in _get_response
    response = wrapped_callback(request, *callback_args, **callback_kwargs)
  File "C:\Users\tassi\AppData\Local\Packages\PythonSoftwareFoundation.Python.3.13_qbz5n2kfra8p0\LocalCache\local-packages\Python313\site-packages\django\contrib\auth\decorators.py", line 60, in _view_wrapper
    return view_func(request, *args, **kwargs)

  File "C:\dev\MeuPortfolio\finanças\core\views_accounts.py", line 85, in transfer_create
    AuditLog.objects.create(

  File "C:\Program Files\WindowsApps\PythonSoftwareFoundation.Python.3.13_3.13.3824.0_x64__qbz5n2kfra8p0\Lib\unittest\mock.py", line 1169, in __call__
    return self._mock_call(*args, **kwargs)
  File "C:\Program Files\WindowsApps\PythonSoftwareFoundation.Python.3.13_3.13.3824.0_x64__qbz5n2kfra8p0\Lib\unittest\mock.py", line 1173, in _mock_call
    return self._execute_mock_call(*args, **kwargs)
  File "C:\Program Files\WindowsApps\PythonSoftwareFoundation.Python.3.13_3.13.3824.0_x64__qbz5n2kfra8p0\Lib\unittest\mock.py", line 1234, in _execute_mock_call
    raise effect

RuntimeError: boom
2026-09-27 12:57:20.545 | ERROR    | logging:callHandlers:1737 - Internal Server Error: /
Traceback (most recent call last):

  File "C:\dev\MeuPortfolio\finanças\manage.py", line 22, in <module>
    main()

  File "C:\dev\MeuPortfolio\finanças\manage.py", line 18, in main
    execute_from_command_line(sys.argv)

  File "C:\Users\tassi\AppData\Local\Packages\PythonSoftwareFoundation.Python.3.13_qbz5n2kfra8p0\LocalCache\local-packages\Python313\site-packages\django\core\management\__init__.py", line 442, in execute_from_command_line
    utility.execute()
  File "C:\Users\tassi\AppData\Local\Packages\PythonSoftwareFoundation.Python.3.13_qbz5n2kfra8p0\LocalCache\local-packages\Python313\site-packages\django\core\management\__init__.py", line 436, in execute
    self.fetch_command(subcommand).run_from_argv(self.argv)
  File "C:\Users\tassi\AppData\Local\Packages\PythonSoftwareFoundation.Python.3.13_qbz5n2kfra8p0\LocalCache\local-packages\Python313\site-packages\django\core\management\commands\test.py", line 24, in run_from_argv
    super().run_from_argv(argv)
  File "C:\Users\tassi\AppData\Local\Packages\PythonSoftwareFoundation.Python.3.13_qbz5n2kfra8p0\LocalCache\local-packages\Python313\site-packages\django\core\management\base.py", line 413, in run_from_argv
    self.execute(*args, **cmd_options)
  File "C:\Users\tassi\AppData\Local\Packages\PythonSoftwareFoundation.Python.3.13_qbz5n2kfra8p0\LocalCache\local-packages\Python313\site-packages\django\core\management\base.py", line 459, in execute
    output = self.handle(*args, **options)
  File "C:\Users\tassi\AppData\Local\Packages\PythonSoftwareFoundation.Python.3.13_qbz5n2kfra8p0\LocalCache\local-packages\Python313\site-packages\django\core\management\commands\test.py", line 63, in handle
    failures = test_runner.run_tests(test_labels)
  File "C:\Users\tassi\AppData\Local\Packages\PythonSoftwareFoundation.Python.3.13_qbz5n2kfra8p0\LocalCache\local-packages\Python313\site-packages\django\test\runner.py", line 1073, in run_tests
    result = self.run_suite(suite)
  File "C:\Users\tassi\AppData\Local\Packages\PythonSoftwareFoundation.Python.3.13_qbz5n2kfra8p0\LocalCache\local-packages\Python313\site-packages\django\test\runner.py", line 1000, in run_suite
    return runner.run(suite)
  File "C:\Program Files\WindowsApps\PythonSoftwareFoundation.Python.3.13_3.13.3824.0_x64__qbz5n2kfra8p0\Lib\unittest\runner.py", line 240, in run
    test(result)
  File "C:\Program Files\WindowsApps\PythonSoftwareFoundation.Python.3.13_3.13.3824.0_x64__qbz5n2kfra8p0\Lib\unittest\suite.py", line 84, in __call__
    return self.run(*args, **kwds)
  File "C:\Program Files\WindowsApps\PythonSoftwareFoundation.Python.3.13_3.13.3824.0_x64__qbz5n2kfra8p0\Lib\unittest\suite.py", line 122, in run
    test(result)
  File "C:\Users\tassi\AppData\Local\Packages\PythonSoftwareFoundation.Python.3.13_qbz5n2kfra8p0\LocalCache\local-packages\Python313\site-packages\django\test\testcases.py", line 317, in __call__
    self._setup_and_call(result)
  File "C:\Users\tassi\AppData\Local\Packages\PythonSoftwareFoundation.Python.3.13_qbz5n2kfra8p0\LocalCache\local-packages\Python313\site-packages\django\test\testcases.py", line 369, in _setup_and_call
    super().__call__(result)
  File "C:\Program Files\WindowsApps\PythonSoftwareFoundation.Python.3.13_3.13.3824.0_x64__qbz5n2kfra8p0\Lib\unittest\case.py", line 707, in __call__
    return self.run(*args, **kwds)
  File "C:\Program Files\WindowsApps\PythonSoftwareFoundation.Python.3.13_3.13.3824.0_x64__qbz5n2kfra8p0\Lib\unittest\case.py", line 651, in run
    self._callTestMethod(testMethod)
  File "C:\Program Files\WindowsApps\PythonSoftwareFoundation.Python.3.13_3.13.3824.0_x64__qbz5n2kfra8p0\Lib\unittest\case.py", line 606, in _callTestMethod
    if method() is not None:

  File "C:\dev\MeuPortfolio\finanças\core\tests_cashflow.py", line 228, in test_outlook_shows_remaining_and_loan_installment
    resp = self.client.get(reverse("dashboard"))

  File "C:\Users\tassi\AppData\Local\Packages\PythonSoftwareFoundation.Python.3.13_qbz5n2kfra8p0\LocalCache\local-packages\Python313\site-packages\django\test\client.py", line 1129, in get
    response = super().get(
  File "C:\Users\tassi\AppData\Local\Packages\PythonSoftwareFoundation.Python.3.13_qbz5n2kfra8p0\LocalCache\local-packages\Python313\site-packages\django\test\client.py", line 479, in get
    return self.generic(
  File "C:\Users\tassi\AppData\Local\Packages\PythonSoftwareFoundation.Python.3.13_qbz5n2kfra8p0\LocalCache\local-packages\Python313\site-packages\django\test\client.py", line 676, in generic
    return self.request(**r)
  File "C:\Users\tassi\AppData\Local\Packages\PythonSoftwareFoundation.Python.3.13_qbz5n2kfra8p0\LocalCache\local-packages\Python313\site-packages\django\test\client.py", line 1087, in request
    response = self.handler(environ)
  File "C:\Users\tassi\AppData\Local\Packages\PythonSoftwareFoundation.Python.3.13_qbz5n2kfra8p0\LocalCache\local-packages\Python313\site-packages\django\test\client.py", line 186, in __call__
    response = self.get_response(request)
  File "C:\Users\tassi\AppData\Local\Packages\PythonSoftwareFoundation.Python.3.13_qbz5n2kfra8p0\LocalCache\local-packages\Python313\site-packages\django\core\handlers\base.py", line 140, in get_response
    response = self._middleware_chain(request)
  File "C:\Users\tassi\AppData\Local\Packages\PythonSoftwareFoundation.Python.3.13_qbz5n2kfra8p0\LocalCache\local-packages\Python313\site-packages\django\core\handlers\exception.py", line 55, in inner
    response = get_response(request)
  File "C:\Users\tassi\AppData\Local\Packages\PythonSoftwareFoundation.Python.3.13_qbz5n2kfra8p0\LocalCache\local-packages\Python313\site-packages\django\utils\deprecation.py", line 129, in __call__
    response = response or self.get_response(request)
  File "C:\Users\tassi\AppData\Local\Packages\PythonSoftwareFoundation.Python.3.13_qbz5n2kfra8p0\LocalCache\local-packages\Python313\site-packages\django\core\handlers\exception.py", line 55, in inner
    response = get_response(request)
  File "C:\Users\tassi\AppData\Local\Packages\PythonSoftwareFoundation.Python.3.13_qbz5n2kfra8p0\LocalCache\local-packages\Python313\site-packages\whitenoise\middleware.py", line 123, in __call__
    return self.get_response(request)
  File "C:\Users\tassi\AppData\Local\Packages\PythonSoftwareFoundation.Python.3.13_qbz5n2kfra8p0\LocalCache\local-packages\Python313\site-packages\django\core\handlers\exception.py", line 55, in inner
    response = get_response(request)
  File "C:\Users\tassi\AppData\Local\Packages\PythonSoftwareFoundation.Python.3.13_qbz5n2kfra8p0\LocalCache\local-packages\Python313\site-packages\django\utils\deprecation.py", line 129, in __call__
    response = response or self.get_response(request)
  File "C:\Users\tassi\AppData\Local\Packages\PythonSoftwareFoundation.Python.3.13_qbz5n2kfra8p0\LocalCache\local-packages\Python313\site-packages\django\core\handlers\exception.py", line 55, in inner
    response = get_response(request)
  File "C:\Users\tassi\AppData\Local\Packages\PythonSoftwareFoundation.Python.3.13_qbz5n2kfra8p0\LocalCache\local-packages\Python313\site-packages\django\utils\deprecation.py", line 129, in __call__
    response = response or self.get_response(request)
  File "C:\Users\tassi\AppData\Local\Packages\PythonSoftwareFoundation.Python.3.13_qbz5n2kfra8p0\LocalCache\local-packages\Python313\site-packages\django\core\handlers\exception.py", line 55, in inner
    response = get_response(request)
  File "C:\Users\tassi\AppData\Local\Packages\PythonSoftwareFoundation.Python.3.13_qbz5n2kfra8p0\LocalCache\local-packages\Python313\site-packages\django\utils\deprecation.py", line 129, in __call__
    response = response or self.get_response(request)
  File "C:\Users\tassi\AppData\Local\Packages\PythonSoftwareFoundation.Python.3.13_qbz5n2kfra8p0\LocalCache\local-packages\Python313\site-packages\django\core\handlers\exception.py", line 55, in inner
    response = get_response(request)
  File "C:\Users\tassi\AppData\Local\Packages\PythonSoftwareFoundation.Python.3.13_qbz5n2kfra8p0\LocalCache\local-packages\Python313\site-packages\django\utils\deprecation.py", line 129, in __call__
    response = response or self.get_response(request)
  File "C:\Users\tassi\AppData\Local\Packages\PythonSoftwareFoundation.Python.3.13_qbz5n2kfra8p0\LocalCache\local-packages\Python313\site-packages\django\core\handlers\exception.py", line 55, in inner
    response = get_response(request)
  File "C:\Users\tassi\AppData\Local\Packages\PythonSoftwareFoundation.Python.3.13_qbz5n2kfra8p0\LocalCache\local-packages\Python313\site-packages\django\utils\deprecation.py", line 129, in __call__
    response = response or self.get_response(request)
  File "C:\Users\tassi\AppData\Local\Packages\PythonSoftwareFoundation.Python.3.13_qbz5n2kfra8p0\LocalCache\local-packages\Python313\site-packages\django\core\handlers\exception.py", line 55, in inner
    response = get_response(request)
  File "C:\Users\tassi\AppData\Local\Packages\PythonSoftwareFoundation.Python.3.13_qbz5n2kfra8p0\LocalCache\local-packages\Python313\site-packages\django\utils\deprecation.py", line 129, in __call__
    response = response or self.get_response(request)
> File "C:\Users\tassi\AppData\Local\Packages\PythonSoftwareFoundation.Python.3.13_qbz5n2kfra8p0\LocalCache\local-packages\Python313\site-packages\django\core\handlers\exception.py", line 55, in inner
    response = get_response(request)
  File "C:\Users\tassi\AppData\Local\Packages\PythonSoftwareFoundation.Python.3.13_qbz5n2kfra8p0\LocalCache\local-packages\Python313\site-packages\django\core\handlers\base.py", line 197, in _get_response
    response = wrapped_callback(request, *callback_args, **callback_kwargs)
  File "C:\Users\tassi\AppData\Local\Packages\PythonSoftwareFoundation.Python.3.13_qbz5n2kfra8p0\LocalCache\local-packages\Python313\site-packages\django\contrib\auth\decorators.py", line 60, in _view_wrapper
    return view_func(request, *args, **kwargs)

  File "C:\dev\MeuPortfolio\finanças\core\views_dashboard.py", line 69, in dashboard
    this_month = _month_outlook(user, flt, anchor if flt.preset == "month" else t.replace(day=1))

UnboundLocalError: cannot access local variable 'anchor' where it is not associated with a value
2026-09-27 12:57:20.592 | ERROR    | logging:callHandlers:1737 - Internal Server Error: /
Traceback (most recent call last):

  File "C:\dev\MeuPortfolio\finanças\manage.py", line 22, in <module>
    main()

  File "C:\dev\MeuPortfolio\finanças\manage.py", line 18, in main
    execute_from_command_line(sys.argv)

  File "C:\Users\tassi\AppData\Local\Packages\PythonSoftwareFoundation.Python.3.13_qbz5n2kfra8p0\LocalCache\local-packages\Python313\site-packages\django\core\management\__init__.py", line 442, in execute_from_command_line
    utility.execute()
  File "C:\Users\tassi\AppData\Local\Packages\PythonSoftwareFoundation.Python.3.13_qbz5n2kfra8p0\LocalCache\local-packages\Python313\site-packages\django\core\management\__init__.py", line 436, in execute
    self.fetch_command(subcommand).run_from_argv(self.argv)
  File "C:\Users\tassi\AppData\Local\Packages\PythonSoftwareFoundation.Python.3.13_qbz5n2kfra8p0\LocalCache\local-packages\Python313\site-packages\django\core\management\commands\test.py", line 24, in run_from_argv
    super().run_from_argv(argv)
  File "C:\Users\tassi\AppData\Local\Packages\PythonSoftwareFoundation.Python.3.13_qbz5n2kfra8p0\LocalCache\local-packages\Python313\site-packages\django\core\management\base.py", line 413, in run_from_argv
    self.execute(*args, **cmd_options)
  File "C:\Users\tassi\AppData\Local\Packages\PythonSoftwareFoundation.Python.3.13_qbz5n2kfra8p0\LocalCache\local-packages\Python313\site-packages\django\core\management\base.py", line 459, in execute
    output = self.handle(*args, **options)
  File "C:\Users\tassi\AppData\Local\Packages\PythonSoftwareFoundation.Python.3.13_qbz5n2kfra8p0\LocalCache\local-packages\Python313\site-packages\django\core\management\commands\test.py", line 63, in handle
    failures = test_runner.run_tests(test_labels)
  File "C:\Users\tassi\AppData\Local\Packages\PythonSoftwareFoundation.Python.3.13_qbz5n2kfra8p0\LocalCache\local-packages\Python313\site-packages\django\test\runner.py", line 1073, in run_tests
    result = self.run_suite(suite)
  File "C:\Users\tassi\AppData\Local\Packages\PythonSoftwareFoundation.Python.3.13_qbz5n2kfra8p0\LocalCache\local-packages\Python313\site-packages\django\test\runner.py", line 1000, in run_suite
    return runner.run(suite)
  File "C:\Program Files\WindowsApps\PythonSoftwareFoundation.Python.3.13_3.13.3824.0_x64__qbz5n2kfra8p0\Lib\unittest\runner.py", line 240, in run
    test(result)
  File "C:\Program Files\WindowsApps\PythonSoftwareFoundation.Python.3.13_3.13.3824.0_x64__qbz5n2kfra8p0\Lib\unittest\suite.py", line 84, in __call__
    return self.run(*args, **kwds)
  File "C:\Program Files\WindowsApps\PythonSoftwareFoundation.Python.3.13_3.13.3824.0_x64__qbz5n2kfra8p0\Lib\unittest\suite.py", line 122, in run
    test(result)
  File "C:\Users\tassi\AppData\Local\Packages\PythonSoftwareFoundation.Python.3.13_qbz5n2kfra8p0\LocalCache\local-packages\Python313\site-packages\django\test\testcases.py", line 317, in __call__
    self._setup_and_call(result)
  File "C:\Users\tassi\AppData\Local\Packages\PythonSoftwareFoundation.Python.3.13_qbz5n2kfra8p0\LocalCache\local-packages\Python313\site-packages\django\test\testcases.py", line 369, in _setup_and_call
    super().__call__(result)
  File "C:\Program Files\WindowsApps\PythonSoftwareFoundation.Python.3.13_3.13.3824.0_x64__qbz5n2kfra8p0\Lib\unittest\case.py", line 707, in __call__
    return self.run(*args, **kwds)
  File "C:\Program Files\WindowsApps\PythonSoftwareFoundation.Python.3.13_3.13.3824.0_x64__qbz5n2kfra8p0\Lib\unittest\case.py", line 651, in run
    self._callTestMethod(testMethod)
  File "C:\Program Files\WindowsApps\PythonSoftwareFoundation.Python.3.13_3.13.3824.0_x64__qbz5n2kfra8p0\Lib\unittest\case.py", line 606, in _callTestMethod
    if method() is not None:

  File "C:\dev\MeuPortfolio\finanças\core\tests_cashflow.py", line 239, in test_projected_balance_includes_next_installment
    resp = self.client.get(reverse("dashboard"))

  File "C:\Users\tassi\AppData\Local\Packages\PythonSoftwareFoundation.Python.3.13_qbz5n2kfra8p0\LocalCache\local-packages\Python313\site-packages\django\test\client.py", line 1129, in get
    response = super().get(
  File "C:\Users\tassi\AppData\Local\Packages\PythonSoftwareFoundation.Python.3.13_qbz5n2kfra8p0\LocalCache\local-packages\Python313\site-packages\django\test\client.py", line 479, in get
    return self.generic(
  File "C:\Users\tassi\AppData\Local\Packages\PythonSoftwareFoundation.Python.3.13_qbz5n2kfra8p0\LocalCache\local-packages\Python313\site-packages\django\test\client.py", line 676, in generic
    return self.request(**r)
  File "C:\Users\tassi\AppData\Local\Packages\PythonSoftwareFoundation.Python.3.13_qbz5n2kfra8p0\LocalCache\local-packages\Python313\site-packages\django\test\client.py", line 1087, in request
    response = self.handler(environ)
  File "C:\Users\tassi\AppData\Local\Packages\PythonSoftwareFoundation.Python.3.13_qbz5n2kfra8p0\LocalCache\local-packages\Python313\site-packages\django\test\client.py", line 186, in __call__
    response = self.get_response(request)
  File "C:\Users\tassi\AppData\Local\Packages\PythonSoftwareFoundation.Python.3.13_qbz5n2kfra8p0\LocalCache\local-packages\Python313\site-packages\django\core\handlers\base.py", line 140, in get_response
    response = self._middleware_chain(request)
  File "C:\Users\tassi\AppData\Local\Packages\PythonSoftwareFoundation.Python.3.13_qbz5n2kfra8p0\LocalCache\local-packages\Python313\site-packages\django\core\handlers\exception.py", line 55, in inner
    response = get_response(request)
  File "C:\Users\tassi\AppData\Local\Packages\PythonSoftwareFoundation.Python.3.13_qbz5n2kfra8p0\LocalCache\local-packages\Python313\site-packages\django\utils\deprecation.py", line 129, in __call__
    response = response or self.get_response(request)
  File "C:\Users\tassi\AppData\Local\Packages\PythonSoftwareFoundation.Python.3.13_qbz5n2kfra8p0\LocalCache\local-packages\Python313\site-packages\django\core\handlers\exception.py", line 55, in inner
    response = get_response(request)
  File "C:\Users\tassi\AppData\Local\Packages\PythonSoftwareFoundation.Python.3.13_qbz5n2kfra8p0\LocalCache\local-packages\Python313\site-packages\whitenoise\middleware.py", line 123, in __call__
    return self.get_response(request)
  File "C:\Users\tassi\AppData\Local\Packages\PythonSoftwareFoundation.Python.3.13_qbz5n2kfra8p0\LocalCache\local-packages\Python313\site-packages\django\core\handlers\exception.py", line 55, in inner
    response = get_response(request)
  File "C:\Users\tassi\AppData\Local\Packages\PythonSoftwareFoundation.Python.3.13_qbz5n2kfra8p0\LocalCache\local-packages\Python313\site-packages\django\utils\deprecation.py", line 129, in __call__
    response = response or self.get_response(request)
  File "C:\Users\tassi\AppData\Local\Packages\PythonSoftwareFoundation.Python.3.13_qbz5n2kfra8p0\LocalCache\local-packages\Python313\site-packages\django\core\handlers\exception.py", line 55, in inner
    response = get_response(request)
  File "C:\Users\tassi\AppData\Local\Packages\PythonSoftwareFoundation.Python.3.13_qbz5n2kfra8p0\LocalCache\local-packages\Python313\site-packages\django\utils\deprecation.py", line 129, in __call__
    response = response or self.get_response(request)
  File "C:\Users\tassi\AppData\Local\Packages\PythonSoftwareFoundation.Python.3.13_qbz5n2kfra8p0\LocalCache\local-packages\Python313\site-packages\django\core\handlers\exception.py", line 55, in inner
    response = get_response(request)
  File "C:\Users\tassi\AppData\Local\Packages\PythonSoftwareFoundation.Python.3.13_qbz5n2kfra8p0\LocalCache\local-packages\Python313\site-packages\django\utils\deprecation.py", line 129, in __call__
    response = response or self.get_response(request)
  File "C:\Users\tassi\AppData\Local\Packages\PythonSoftwareFoundation.Python.3.13_qbz5n2kfra8p0\LocalCache\local-packages\Python313\site-packages\django\core\handlers\exception.py", line 55, in inner
    response = get_response(request)
  File "C:\Users\tassi\AppData\Local\Packages\PythonSoftwareFoundation.Python.3.13_qbz5n2kfra8p0\LocalCache\local-packages\Python313\site-packages\django\utils\deprecation.py", line 129, in __call__
    response = response or self.get_response(request)
  File "C:\Users\tassi\AppData\Local\Packages\PythonSoftwareFoundation.Python.3.13_qbz5n2kfra8p0\LocalCache\local-packages\Python313\site-packages\django\core\handlers\exception.py", line 55, in inner
    response = get_response(request)
  File "C:\Users\tassi\AppData\Local\Packages\PythonSoftwareFoundation.Python.3.13_qbz5n2kfra8p0\LocalCache\local-packages\Python313\site-packages\django\utils\deprecation.py", line 129, in __call__
    response = response or self.get_response(request)
  File "C:\Users\tassi\AppData\Local\Packages\PythonSoftwareFoundation.Python.3.13_qbz5n2kfra8p0\LocalCache\local-packages\Python313\site-packages\django\core\handlers\exception.py", line 55, in inner
    response = get_response(request)
  File "C:\Users\tassi\AppData\Local\Packages\PythonSoftwareFoundation.Python.3.13_qbz5n2kfra8p0\LocalCache\local-packages\Python313\site-packages\django\utils\deprecation.py", line 129, in __call__
    response = response or self.get_response(request)
> File "C:\Users\tassi\AppData\Local\Packages\PythonSoftwareFoundation.Python.3.13_qbz5n2kfra8p0\LocalCache\local-packages\Python313\site-packages\django\core\handlers\exception.py", line 55, in inner
    response = get_response(request)
  File "C:\Users\tassi\AppData\Local\Packages\PythonSoftwareFoundation.Python.3.13_qbz5n2kfra8p0\LocalCache\local-packages\Python313\site-packages\django\core\handlers\base.py", line 197, in _get_response
    response = wrapped_callback(request, *callback_args, **callback_kwargs)
  File "C:\Users\tassi\AppData\Local\Packages\PythonSoftwareFoundation.Python.3.13_qbz5n2kfra8p0\LocalCache\local-packages\Python313\site-packages\django\contrib\auth\decorators.py", line 60, in _view_wrapper
    return view_func(request, *args, **kwargs)

  File "C:\dev\MeuPortfolio\finanças\core\views_dashboard.py", line 69, in dashboard
    this_month = _month_outlook(user, flt, anchor if flt.preset == "month" else t.replace(day=1))

UnboundLocalError: cannot access local variable 'anchor' where it is not associated with a value
2026-09-27 12:57:20.716 | ERROR    | logging:callHandlers:1737 - Internal Server Error: /
Traceback (most recent call last):

  File "C:\dev\MeuPortfolio\finanças\manage.py", line 22, in <module>
    main()

  File "C:\dev\MeuPortfolio\finanças\manage.py", line 18, in main
    execute_from_command_line(sys.argv)

  File "C:\Users\tassi\AppData\Local\Packages\PythonSoftwareFoundation.Python.3.13_qbz5n2kfra8p0\LocalCache\local-packages\Python313\site-packages\django\core\management\__init__.py", line 442, in execute_from_command_line
    utility.execute()
  File "C:\Users\tassi\AppData\Local\Packages\PythonSoftwareFoundation.Python.3.13_qbz5n2kfra8p0\LocalCache\local-packages\Python313\site-packages\django\core\management\__init__.py", line 436, in execute
    self.fetch_command(subcommand).run_from_argv(self.argv)
  File "C:\Users\tassi\AppData\Local\Packages\PythonSoftwareFoundation.Python.3.13_qbz5n2kfra8p0\LocalCache\local-packages\Python313\site-packages\django\core\management\commands\test.py", line 24, in run_from_argv
    super().run_from_argv(argv)
  File "C:\Users\tassi\AppData\Local\Packages\PythonSoftwareFoundation.Python.3.13_qbz5n2kfra8p0\LocalCache\local-packages\Python313\site-packages\django\core\management\base.py", line 413, in run_from_argv
    self.execute(*args, **cmd_options)
  File "C:\Users\tassi\AppData\Local\Packages\PythonSoftwareFoundation.Python.3.13_qbz5n2kfra8p0\LocalCache\local-packages\Python313\site-packages\django\core\management\base.py", line 459, in execute
    output = self.handle(*args, **options)
  File "C:\Users\tassi\AppData\Local\Packages\PythonSoftwareFoundation.Python.3.13_qbz5n2kfra8p0\LocalCache\local-packages\Python313\site-packages\django\core\management\commands\test.py", line 63, in handle
    failures = test_runner.run_tests(test_labels)
  File "C:\Users\tassi\AppData\Local\Packages\PythonSoftwareFoundation.Python.3.13_qbz5n2kfra8p0\LocalCache\local-packages\Python313\site-packages\django\test\runner.py", line 1073, in run_tests
    result = self.run_suite(suite)
  File "C:\Users\tassi\AppData\Local\Packages\PythonSoftwareFoundation.Python.3.13_qbz5n2kfra8p0\LocalCache\local-packages\Python313\site-packages\django\test\runner.py", line 1000, in run_suite
    return runner.run(suite)
  File "C:\Program Files\WindowsApps\PythonSoftwareFoundation.Python.3.13_3.13.3824.0_x64__qbz5n2kfra8p0\Lib\unittest\runner.py", line 240, in run
    test(result)
  File "C:\Program Files\WindowsApps\PythonSoftwareFoundation.Python.3.13_3.13.3824.0_x64__qbz5n2kfra8p0\Lib\unittest\suite.py", line 84, in __call__
    return self.run(*args, **kwds)
  File "C:\Program Files\WindowsApps\PythonSoftwareFoundation.Python.3.13_3.13.3824.0_x64__qbz5n2kfra8p0\Lib\unittest\suite.py", line 122, in run
    test(result)
  File "C:\Users\tassi\AppData\Local\Packages\PythonSoftwareFoundation.Python.3.13_qbz5n2kfra8p0\LocalCache\local-packages\Python313\site-packages\django\test\testcases.py", line 317, in __call__
    self._setup_and_call(result)
  File "C:\Users\tassi\AppData\Local\Packages\PythonSoftwareFoundation.Python.3.13_qbz5n2kfra8p0\LocalCache\local-packages\Python313\site-packages\django\test\testcases.py", line 369, in _setup_and_call
    super().__call__(result)
  File "C:\Program Files\WindowsApps\PythonSoftwareFoundation.Python.3.13_3.13.3824.0_x64__qbz5n2kfra8p0\Lib\unittest\case.py", line 707, in __call__
    return self.run(*args, **kwds)
  File "C:\Program Files\WindowsApps\PythonSoftwareFoundation.Python.3.13_3.13.3824.0_x64__qbz5n2kfra8p0\Lib\unittest\case.py", line 651, in run
    self._callTestMethod(testMethod)
  File "C:\Program Files\WindowsApps\PythonSoftwareFoundation.Python.3.13_3.13.3824.0_x64__qbz5n2kfra8p0\Lib\unittest\case.py", line 606, in _callTestMethod
    if method() is not None:

  File "C:\dev\MeuPortfolio\finanças\core\tests_cashflow.py", line 193, in test_filter_is_remembered_but_not_the_month
    self.assertEqual(self.get().context["filter"].preset, "month")

  File "C:\dev\MeuPortfolio\finanças\core\tests_cashflow.py", line 136, in get
    return self.client.get(reverse("dashboard") + qs)

  File "C:\Users\tassi\AppData\Local\Packages\PythonSoftwareFoundation.Python.3.13_qbz5n2kfra8p0\LocalCache\local-packages\Python313\site-packages\django\test\client.py", line 1129, in get
    response = super().get(
  File "C:\Users\tassi\AppData\Local\Packages\PythonSoftwareFoundation.Python.3.13_qbz5n2kfra8p0\LocalCache\local-packages\Python313\site-packages\django\test\client.py", line 479, in get
    return self.generic(
  File "C:\Users\tassi\AppData\Local\Packages\PythonSoftwareFoundation.Python.3.13_qbz5n2kfra8p0\LocalCache\local-packages\Python313\site-packages\django\test\client.py", line 676, in generic
    return self.request(**r)
  File "C:\Users\tassi\AppData\Local\Packages\PythonSoftwareFoundation.Python.3.13_qbz5n2kfra8p0\LocalCache\local-packages\Python313\site-packages\django\test\client.py", line 1087, in request
    response = self.handler(environ)
  File "C:\Users\tassi\AppData\Local\Packages\PythonSoftwareFoundation.Python.3.13_qbz5n2kfra8p0\LocalCache\local-packages\Python313\site-packages\django\test\client.py", line 186, in __call__
    response = self.get_response(request)
  File "C:\Users\tassi\AppData\Local\Packages\PythonSoftwareFoundation.Python.3.13_qbz5n2kfra8p0\LocalCache\local-packages\Python313\site-packages\django\core\handlers\base.py", line 140, in get_response
    response = self._middleware_chain(request)
  File "C:\Users\tassi\AppData\Local\Packages\PythonSoftwareFoundation.Python.3.13_qbz5n2kfra8p0\LocalCache\local-packages\Python313\site-packages\django\core\handlers\exception.py", line 55, in inner
    response = get_response(request)
  File "C:\Users\tassi\AppData\Local\Packages\PythonSoftwareFoundation.Python.3.13_qbz5n2kfra8p0\LocalCache\local-packages\Python313\site-packages\django\utils\deprecation.py", line 129, in __call__
    response = response or self.get_response(request)
  File "C:\Users\tassi\AppData\Local\Packages\PythonSoftwareFoundation.Python.3.13_qbz5n2kfra8p0\LocalCache\local-packages\Python313\site-packages\django\core\handlers\exception.py", line 55, in inner
    response = get_response(request)
  File "C:\Users\tassi\AppData\Local\Packages\PythonSoftwareFoundation.Python.3.13_qbz5n2kfra8p0\LocalCache\local-packages\Python313\site-packages\whitenoise\middleware.py", line 123, in __call__
    return self.get_response(request)
  File "C:\Users\tassi\AppData\Local\Packages\PythonSoftwareFoundation.Python.3.13_qbz5n2kfra8p0\LocalCache\local-packages\Python313\site-packages\django\core\handlers\exception.py", line 55, in inner
    response = get_response(request)
  File "C:\Users\tassi\AppData\Local\Packages\PythonSoftwareFoundation.Python.3.13_qbz5n2kfra8p0\LocalCache\local-packages\Python313\site-packages\django\utils\deprecation.py", line 129, in __call__
    response = response or self.get_response(request)
  File "C:\Users\tassi\AppData\Local\Packages\PythonSoftwareFoundation.Python.3.13_qbz5n2kfra8p0\LocalCache\local-packages\Python313\site-packages\django\core\handlers\exception.py", line 55, in inner
    response = get_response(request)
  File "C:\Users\tassi\AppData\Local\Packages\PythonSoftwareFoundation.Python.3.13_qbz5n2kfra8p0\LocalCache\local-packages\Python313\site-packages\django\utils\deprecation.py", line 129, in __call__
    response = response or self.get_response(request)
  File "C:\Users\tassi\AppData\Local\Packages\PythonSoftwareFoundation.Python.3.13_qbz5n2kfra8p0\LocalCache\local-packages\Python313\site-packages\django\core\handlers\exception.py", line 55, in inner
    response = get_response(request)
  File "C:\Users\tassi\AppData\Local\Packages\PythonSoftwareFoundation.Python.3.13_qbz5n2kfra8p0\LocalCache\local-packages\Python313\site-packages\django\utils\deprecation.py", line 129, in __call__
    response = response or self.get_response(request)
  File "C:\Users\tassi\AppData\Local\Packages\PythonSoftwareFoundation.Python.3.13_qbz5n2kfra8p0\LocalCache\local-packages\Python313\site-packages\django\core\handlers\exception.py", line 55, in inner
    response = get_response(request)
  File "C:\Users\tassi\AppData\Local\Packages\PythonSoftwareFoundation.Python.3.13_qbz5n2kfra8p0\LocalCache\local-packages\Python313\site-packages\django\utils\deprecation.py", line 129, in __call__
    response = response or self.get_response(request)
  File "C:\Users\tassi\AppData\Local\Packages\PythonSoftwareFoundation.Python.3.13_qbz5n2kfra8p0\LocalCache\local-packages\Python313\site-packages\django\core\handlers\exception.py", line 55, in inner
    response = get_response(request)
  File "C:\Users\tassi\AppData\Local\Packages\PythonSoftwareFoundation.Python.3.13_qbz5n2kfra8p0\LocalCache\local-packages\Python313\site-packages\django\utils\deprecation.py", line 129, in __call__
    response = response or self.get_response(request)
  File "C:\Users\tassi\AppData\Local\Packages\PythonSoftwareFoundation.Python.3.13_qbz5n2kfra8p0\LocalCache\local-packages\Python313\site-packages\django\core\handlers\exception.py", line 55, in inner
    response = get_response(request)
  File "C:\Users\tassi\AppData\Local\Packages\PythonSoftwareFoundation.Python.3.13_qbz5n2kfra8p0\LocalCache\local-packages\Python313\site-packages\django\utils\deprecation.py", line 129, in __call__
    response = response or self.get_response(request)
> File "C:\Users\tassi\AppData\Local\Packages\PythonSoftwareFoundation.Python.3.13_qbz5n2kfra8p0\LocalCache\local-packages\Python313\site-packages\django\core\handlers\exception.py", line 55, in inner
    response = get_response(request)
  File "C:\Users\tassi\AppData\Local\Packages\PythonSoftwareFoundation.Python.3.13_qbz5n2kfra8p0\LocalCache\local-packages\Python313\site-packages\django\core\handlers\base.py", line 197, in _get_response
    response = wrapped_callback(request, *callback_args, **callback_kwargs)
  File "C:\Users\tassi\AppData\Local\Packages\PythonSoftwareFoundation.Python.3.13_qbz5n2kfra8p0\LocalCache\local-packages\Python313\site-packages\django\contrib\auth\decorators.py", line 60, in _view_wrapper
    return view_func(request, *args, **kwargs)

  File "C:\dev\MeuPortfolio\finanças\core\views_dashboard.py", line 69, in dashboard
    this_month = _month_outlook(user, flt, anchor if flt.preset == "month" else t.replace(day=1))

UnboundLocalError: cannot access local variable 'anchor' where it is not associated with a value
2026-09-27 12:57:20.950 | ERROR    | logging:callHandlers:1737 - Internal Server Error: /
Traceback (most recent call last):

  File "C:\dev\MeuPortfolio\finanças\manage.py", line 22, in <module>
    main()

  File "C:\dev\MeuPortfolio\finanças\manage.py", line 18, in main
    execute_from_command_line(sys.argv)

  File "C:\Users\tassi\AppData\Local\Packages\PythonSoftwareFoundation.Python.3.13_qbz5n2kfra8p0\LocalCache\local-packages\Python313\site-packages\django\core\management\__init__.py", line 442, in execute_from_command_line
    utility.execute()
  File "C:\Users\tassi\AppData\Local\Packages\PythonSoftwareFoundation.Python.3.13_qbz5n2kfra8p0\LocalCache\local-packages\Python313\site-packages\django\core\management\__init__.py", line 436, in execute
    self.fetch_command(subcommand).run_from_argv(self.argv)
  File "C:\Users\tassi\AppData\Local\Packages\PythonSoftwareFoundation.Python.3.13_qbz5n2kfra8p0\LocalCache\local-packages\Python313\site-packages\django\core\management\commands\test.py", line 24, in run_from_argv
    super().run_from_argv(argv)
  File "C:\Users\tassi\AppData\Local\Packages\PythonSoftwareFoundation.Python.3.13_qbz5n2kfra8p0\LocalCache\local-packages\Python313\site-packages\django\core\management\base.py", line 413, in run_from_argv
    self.execute(*args, **cmd_options)
  File "C:\Users\tassi\AppData\Local\Packages\PythonSoftwareFoundation.Python.3.13_qbz5n2kfra8p0\LocalCache\local-packages\Python313\site-packages\django\core\management\base.py", line 459, in execute
    output = self.handle(*args, **options)
  File "C:\Users\tassi\AppData\Local\Packages\PythonSoftwareFoundation.Python.3.13_qbz5n2kfra8p0\LocalCache\local-packages\Python313\site-packages\django\core\management\commands\test.py", line 63, in handle
    failures = test_runner.run_tests(test_labels)
  File "C:\Users\tassi\AppData\Local\Packages\PythonSoftwareFoundation.Python.3.13_qbz5n2kfra8p0\LocalCache\local-packages\Python313\site-packages\django\test\runner.py", line 1073, in run_tests
    result = self.run_suite(suite)
  File "C:\Users\tassi\AppData\Local\Packages\PythonSoftwareFoundation.Python.3.13_qbz5n2kfra8p0\LocalCache\local-packages\Python313\site-packages\django\test\runner.py", line 1000, in run_suite
    return runner.run(suite)
  File "C:\Program Files\WindowsApps\PythonSoftwareFoundation.Python.3.13_3.13.3824.0_x64__qbz5n2kfra8p0\Lib\unittest\runner.py", line 240, in run
    test(result)
  File "C:\Program Files\WindowsApps\PythonSoftwareFoundation.Python.3.13_3.13.3824.0_x64__qbz5n2kfra8p0\Lib\unittest\suite.py", line 84, in __call__
    return self.run(*args, **kwds)
  File "C:\Program Files\WindowsApps\PythonSoftwareFoundation.Python.3.13_3.13.3824.0_x64__qbz5n2kfra8p0\Lib\unittest\suite.py", line 122, in run
    test(result)
  File "C:\Users\tassi\AppData\Local\Packages\PythonSoftwareFoundation.Python.3.13_qbz5n2kfra8p0\LocalCache\local-packages\Python313\site-packages\django\test\testcases.py", line 317, in __call__
    self._setup_and_call(result)
  File "C:\Users\tassi\AppData\Local\Packages\PythonSoftwareFoundation.Python.3.13_qbz5n2kfra8p0\LocalCache\local-packages\Python313\site-packages\django\test\testcases.py", line 369, in _setup_and_call
    super().__call__(result)
  File "C:\Program Files\WindowsApps\PythonSoftwareFoundation.Python.3.13_3.13.3824.0_x64__qbz5n2kfra8p0\Lib\unittest\case.py", line 707, in __call__
    return self.run(*args, **kwds)
  File "C:\Program Files\WindowsApps\PythonSoftwareFoundation.Python.3.13_3.13.3824.0_x64__qbz5n2kfra8p0\Lib\unittest\case.py", line 651, in run
    self._callTestMethod(testMethod)
  File "C:\Program Files\WindowsApps\PythonSoftwareFoundation.Python.3.13_3.13.3824.0_x64__qbz5n2kfra8p0\Lib\unittest\case.py", line 606, in _callTestMethod
    if method() is not None:

  File "C:\dev\MeuPortfolio\finanças\core\tests_cashflow.py", line 179, in test_filters_presets_and_category
    resp = self.get(qs)

  File "C:\dev\MeuPortfolio\finanças\core\tests_cashflow.py", line 136, in get
    return self.client.get(reverse("dashboard") + qs)

  File "C:\Users\tassi\AppData\Local\Packages\PythonSoftwareFoundation.Python.3.13_qbz5n2kfra8p0\LocalCache\local-packages\Python313\site-packages\django\test\client.py", line 1129, in get
    response = super().get(
  File "C:\Users\tassi\AppData\Local\Packages\PythonSoftwareFoundation.Python.3.13_qbz5n2kfra8p0\LocalCache\local-packages\Python313\site-packages\django\test\client.py", line 479, in get
    return self.generic(
  File "C:\Users\tassi\AppData\Local\Packages\PythonSoftwareFoundation.Python.3.13_qbz5n2kfra8p0\LocalCache\local-packages\Python313\site-packages\django\test\client.py", line 676, in generic
    return self.request(**r)
  File "C:\Users\tassi\AppData\Local\Packages\PythonSoftwareFoundation.Python.3.13_qbz5n2kfra8p0\LocalCache\local-packages\Python313\site-packages\django\test\client.py", line 1087, in request
    response = self.handler(environ)
  File "C:\Users\tassi\AppData\Local\Packages\PythonSoftwareFoundation.Python.3.13_qbz5n2kfra8p0\LocalCache\local-packages\Python313\site-packages\django\test\client.py", line 186, in __call__
    response = self.get_response(request)
  File "C:\Users\tassi\AppData\Local\Packages\PythonSoftwareFoundation.Python.3.13_qbz5n2kfra8p0\LocalCache\local-packages\Python313\site-packages\django\core\handlers\base.py", line 140, in get_response
    response = self._middleware_chain(request)
  File "C:\Users\tassi\AppData\Local\Packages\PythonSoftwareFoundation.Python.3.13_qbz5n2kfra8p0\LocalCache\local-packages\Python313\site-packages\django\core\handlers\exception.py", line 55, in inner
    response = get_response(request)
  File "C:\Users\tassi\AppData\Local\Packages\PythonSoftwareFoundation.Python.3.13_qbz5n2kfra8p0\LocalCache\local-packages\Python313\site-packages\django\utils\deprecation.py", line 129, in __call__
    response = response or self.get_response(request)
  File "C:\Users\tassi\AppData\Local\Packages\PythonSoftwareFoundation.Python.3.13_qbz5n2kfra8p0\LocalCache\local-packages\Python313\site-packages\django\core\handlers\exception.py", line 55, in inner
    response = get_response(request)
  File "C:\Users\tassi\AppData\Local\Packages\PythonSoftwareFoundation.Python.3.13_qbz5n2kfra8p0\LocalCache\local-packages\Python313\site-packages\whitenoise\middleware.py", line 123, in __call__
    return self.get_response(request)
  File "C:\Users\tassi\AppData\Local\Packages\PythonSoftwareFoundation.Python.3.13_qbz5n2kfra8p0\LocalCache\local-packages\Python313\site-packages\django\core\handlers\exception.py", line 55, in inner
    response = get_response(request)
  File "C:\Users\tassi\AppData\Local\Packages\PythonSoftwareFoundation.Python.3.13_qbz5n2kfra8p0\LocalCache\local-packages\Python313\site-packages\django\utils\deprecation.py", line 129, in __call__
    response = response or self.get_response(request)
  File "C:\Users\tassi\AppData\Local\Packages\PythonSoftwareFoundation.Python.3.13_qbz5n2kfra8p0\LocalCache\local-packages\Python313\site-packages\django\core\handlers\exception.py", line 55, in inner
    response = get_response(request)
  File "C:\Users\tassi\AppData\Local\Packages\PythonSoftwareFoundation.Python.3.13_qbz5n2kfra8p0\LocalCache\local-packages\Python313\site-packages\django\utils\deprecation.py", line 129, in __call__
    response = response or self.get_response(request)
  File "C:\Users\tassi\AppData\Local\Packages\PythonSoftwareFoundation.Python.3.13_qbz5n2kfra8p0\LocalCache\local-packages\Python313\site-packages\django\core\handlers\exception.py", line 55, in inner
    response = get_response(request)
  File "C:\Users\tassi\AppData\Local\Packages\PythonSoftwareFoundation.Python.3.13_qbz5n2kfra8p0\LocalCache\local-packages\Python313\site-packages\django\utils\deprecation.py", line 129, in __call__
    response = response or self.get_response(request)
  File "C:\Users\tassi\AppData\Local\Packages\PythonSoftwareFoundation.Python.3.13_qbz5n2kfra8p0\LocalCache\local-packages\Python313\site-packages\django\core\handlers\exception.py", line 55, in inner
    response = get_response(request)
  File "C:\Users\tassi\AppData\Local\Packages\PythonSoftwareFoundation.Python.3.13_qbz5n2kfra8p0\LocalCache\local-packages\Python313\site-packages\django\utils\deprecation.py", line 129, in __call__
    response = response or self.get_response(request)
  File "C:\Users\tassi\AppData\Local\Packages\PythonSoftwareFoundation.Python.3.13_qbz5n2kfra8p0\LocalCache\local-packages\Python313\site-packages\django\core\handlers\exception.py", line 55, in inner
    response = get_response(request)
  File "C:\Users\tassi\AppData\Local\Packages\PythonSoftwareFoundation.Python.3.13_qbz5n2kfra8p0\LocalCache\local-packages\Python313\site-packages\django\utils\deprecation.py", line 129, in __call__
    response = response or self.get_response(request)
  File "C:\Users\tassi\AppData\Local\Packages\PythonSoftwareFoundation.Python.3.13_qbz5n2kfra8p0\LocalCache\local-packages\Python313\site-packages\django\core\handlers\exception.py", line 55, in inner
    response = get_response(request)
  File "C:\Users\tassi\AppData\Local\Packages\PythonSoftwareFoundation.Python.3.13_qbz5n2kfra8p0\LocalCache\local-packages\Python313\site-packages\django\utils\deprecation.py", line 129, in __call__
    response = response or self.get_response(request)
> File "C:\Users\tassi\AppData\Local\Packages\PythonSoftwareFoundation.Python.3.13_qbz5n2kfra8p0\LocalCache\local-packages\Python313\site-packages\django\core\handlers\exception.py", line 55, in inner
    response = get_response(request)
  File "C:\Users\tassi\AppData\Local\Packages\PythonSoftwareFoundation.Python.3.13_qbz5n2kfra8p0\LocalCache\local-packages\Python313\site-packages\django\core\handlers\base.py", line 197, in _get_response
    response = wrapped_callback(request, *callback_args, **callback_kwargs)
  File "C:\Users\tassi\AppData\Local\Packages\PythonSoftwareFoundation.Python.3.13_qbz5n2kfra8p0\LocalCache\local-packages\Python313\site-packages\django\contrib\auth\decorators.py", line 60, in _view_wrapper
    return view_func(request, *args, **kwargs)

  File "C:\dev\MeuPortfolio\finanças\core\views_dashboard.py", line 69, in dashboard
    this_month = _month_outlook(user, flt, anchor if flt.preset == "month" else t.replace(day=1))

UnboundLocalError: cannot access local variable 'anchor' where it is not associated with a value
2026-09-27 12:57:20.990 | ERROR    | logging:callHandlers:1737 - Internal Server Error: /
Traceback (most recent call last):

  File "C:\dev\MeuPortfolio\finanças\manage.py", line 22, in <module>
    main()

  File "C:\dev\MeuPortfolio\finanças\manage.py", line 18, in main
    execute_from_command_line(sys.argv)

  File "C:\Users\tassi\AppData\Local\Packages\PythonSoftwareFoundation.Python.3.13_qbz5n2kfra8p0\LocalCache\local-packages\Python313\site-packages\django\core\management\__init__.py", line 442, in execute_from_command_line
    utility.execute()
  File "C:\Users\tassi\AppData\Local\Packages\PythonSoftwareFoundation.Python.3.13_qbz5n2kfra8p0\LocalCache\local-packages\Python313\site-packages\django\core\management\__init__.py", line 436, in execute
    self.fetch_command(subcommand).run_from_argv(self.argv)
  File "C:\Users\tassi\AppData\Local\Packages\PythonSoftwareFoundation.Python.3.13_qbz5n2kfra8p0\LocalCache\local-packages\Python313\site-packages\django\core\management\commands\test.py", line 24, in run_from_argv
    super().run_from_argv(argv)
  File "C:\Users\tassi\AppData\Local\Packages\PythonSoftwareFoundation.Python.3.13_qbz5n2kfra8p0\LocalCache\local-packages\Python313\site-packages\django\core\management\base.py", line 413, in run_from_argv
    self.execute(*args, **cmd_options)
  File "C:\Users\tassi\AppData\Local\Packages\PythonSoftwareFoundation.Python.3.13_qbz5n2kfra8p0\LocalCache\local-packages\Python313\site-packages\django\core\management\base.py", line 459, in execute
    output = self.handle(*args, **options)
  File "C:\Users\tassi\AppData\Local\Packages\PythonSoftwareFoundation.Python.3.13_qbz5n2kfra8p0\LocalCache\local-packages\Python313\site-packages\django\core\management\commands\test.py", line 63, in handle
    failures = test_runner.run_tests(test_labels)
  File "C:\Users\tassi\AppData\Local\Packages\PythonSoftwareFoundation.Python.3.13_qbz5n2kfra8p0\LocalCache\local-packages\Python313\site-packages\django\test\runner.py", line 1073, in run_tests
    result = self.run_suite(suite)
  File "C:\Users\tassi\AppData\Local\Packages\PythonSoftwareFoundation.Python.3.13_qbz5n2kfra8p0\LocalCache\local-packages\Python313\site-packages\django\test\runner.py", line 1000, in run_suite
    return runner.run(suite)
  File "C:\Program Files\WindowsApps\PythonSoftwareFoundation.Python.3.13_3.13.3824.0_x64__qbz5n2kfra8p0\Lib\unittest\runner.py", line 240, in run
    test(result)
  File "C:\Program Files\WindowsApps\PythonSoftwareFoundation.Python.3.13_3.13.3824.0_x64__qbz5n2kfra8p0\Lib\unittest\suite.py", line 84, in __call__
    return self.run(*args, **kwds)
  File "C:\Program Files\WindowsApps\PythonSoftwareFoundation.Python.3.13_3.13.3824.0_x64__qbz5n2kfra8p0\Lib\unittest\suite.py", line 122, in run
    test(result)
  File "C:\Users\tassi\AppData\Local\Packages\PythonSoftwareFoundation.Python.3.13_qbz5n2kfra8p0\LocalCache\local-packages\Python313\site-packages\django\test\testcases.py", line 317, in __call__
    self._setup_and_call(result)
  File "C:\Users\tassi\AppData\Local\Packages\PythonSoftwareFoundation.Python.3.13_qbz5n2kfra8p0\LocalCache\local-packages\Python313\site-packages\django\test\testcases.py", line 369, in _setup_and_call
    super().__call__(result)
  File "C:\Program Files\WindowsApps\PythonSoftwareFoundation.Python.3.13_3.13.3824.0_x64__qbz5n2kfra8p0\Lib\unittest\case.py", line 707, in __call__
    return self.run(*args, **kwds)
  File "C:\Program Files\WindowsApps\PythonSoftwareFoundation.Python.3.13_3.13.3824.0_x64__qbz5n2kfra8p0\Lib\unittest\case.py", line 651, in run
    self._callTestMethod(testMethod)
  File "C:\Program Files\WindowsApps\PythonSoftwareFoundation.Python.3.13_3.13.3824.0_x64__qbz5n2kfra8p0\Lib\unittest\case.py", line 606, in _callTestMethod
    if method() is not None:

  File "C:\dev\MeuPortfolio\finanças\core\tests_cashflow.py", line 169, in test_investments_excluded_by_default
    resp = self.get()

  File "C:\dev\MeuPortfolio\finanças\core\tests_cashflow.py", line 136, in get
    return self.client.get(reverse("dashboard") + qs)

  File "C:\Users\tassi\AppData\Local\Packages\PythonSoftwareFoundation.Python.3.13_qbz5n2kfra8p0\LocalCache\local-packages\Python313\site-packages\django\test\client.py", line 1129, in get
    response = super().get(
  File "C:\Users\tassi\AppData\Local\Packages\PythonSoftwareFoundation.Python.3.13_qbz5n2kfra8p0\LocalCache\local-packages\Python313\site-packages\django\test\client.py", line 479, in get
    return self.generic(
  File "C:\Users\tassi\AppData\Local\Packages\PythonSoftwareFoundation.Python.3.13_qbz5n2kfra8p0\LocalCache\local-packages\Python313\site-packages\django\test\client.py", line 676, in generic
    return self.request(**r)
  File "C:\Users\tassi\AppData\Local\Packages\PythonSoftwareFoundation.Python.3.13_qbz5n2kfra8p0\LocalCache\local-packages\Python313\site-packages\django\test\client.py", line 1087, in request
    response = self.handler(environ)
  File "C:\Users\tassi\AppData\Local\Packages\PythonSoftwareFoundation.Python.3.13_qbz5n2kfra8p0\LocalCache\local-packages\Python313\site-packages\django\test\client.py", line 186, in __call__
    response = self.get_response(request)
  File "C:\Users\tassi\AppData\Local\Packages\PythonSoftwareFoundation.Python.3.13_qbz5n2kfra8p0\LocalCache\local-packages\Python313\site-packages\django\core\handlers\base.py", line 140, in get_response
    response = self._middleware_chain(request)
  File "C:\Users\tassi\AppData\Local\Packages\PythonSoftwareFoundation.Python.3.13_qbz5n2kfra8p0\LocalCache\local-packages\Python313\site-packages\django\core\handlers\exception.py", line 55, in inner
    response = get_response(request)
  File "C:\Users\tassi\AppData\Local\Packages\PythonSoftwareFoundation.Python.3.13_qbz5n2kfra8p0\LocalCache\local-packages\Python313\site-packages\django\utils\deprecation.py", line 129, in __call__
    response = response or self.get_response(request)
  File "C:\Users\tassi\AppData\Local\Packages\PythonSoftwareFoundation.Python.3.13_qbz5n2kfra8p0\LocalCache\local-packages\Python313\site-packages\django\core\handlers\exception.py", line 55, in inner
    response = get_response(request)
  File "C:\Users\tassi\AppData\Local\Packages\PythonSoftwareFoundation.Python.3.13_qbz5n2kfra8p0\LocalCache\local-packages\Python313\site-packages\whitenoise\middleware.py", line 123, in __call__
    return self.get_response(request)
  File "C:\Users\tassi\AppData\Local\Packages\PythonSoftwareFoundation.Python.3.13_qbz5n2kfra8p0\LocalCache\local-packages\Python313\site-packages\django\core\handlers\exception.py", line 55, in inner
    response = get_response(request)
  File "C:\Users\tassi\AppData\Local\Packages\PythonSoftwareFoundation.Python.3.13_qbz5n2kfra8p0\LocalCache\local-packages\Python313\site-packages\django\utils\deprecation.py", line 129, in __call__
    response = response or self.get_response(request)
  File "C:\Users\tassi\AppData\Local\Packages\PythonSoftwareFoundation.Python.3.13_qbz5n2kfra8p0\LocalCache\local-packages\Python313\site-packages\django\core\handlers\exception.py", line 55, in inner
    response = get_response(request)
  File "C:\Users\tassi\AppData\Local\Packages\PythonSoftwareFoundation.Python.3.13_qbz5n2kfra8p0\LocalCache\local-packages\Python313\site-packages\django\utils\deprecation.py", line 129, in __call__
    response = response or self.get_response(request)
  File "C:\Users\tassi\AppData\Local\Packages\PythonSoftwareFoundation.Python.3.13_qbz5n2kfra8p0\LocalCache\local-packages\Python313\site-packages\django\core\handlers\exception.py", line 55, in inner
    response = get_response(request)
  File "C:\Users\tassi\AppData\Local\Packages\PythonSoftwareFoundation.Python.3.13_qbz5n2kfra8p0\LocalCache\local-packages\Python313\site-packages\django\utils\deprecation.py", line 129, in __call__
    response = response or self.get_response(request)
  File "C:\Users\tassi\AppData\Local\Packages\PythonSoftwareFoundation.Python.3.13_qbz5n2kfra8p0\LocalCache\local-packages\Python313\site-packages\django\core\handlers\exception.py", line 55, in inner
    response = get_response(request)
  File "C:\Users\tassi\AppData\Local\Packages\PythonSoftwareFoundation.Python.3.13_qbz5n2kfra8p0\LocalCache\local-packages\Python313\site-packages\django\utils\deprecation.py", line 129, in __call__
    response = response or self.get_response(request)
  File "C:\Users\tassi\AppData\Local\Packages\PythonSoftwareFoundation.Python.3.13_qbz5n2kfra8p0\LocalCache\local-packages\Python313\site-packages\django\core\handlers\exception.py", line 55, in inner
    response = get_response(request)
  File "C:\Users\tassi\AppData\Local\Packages\PythonSoftwareFoundation.Python.3.13_qbz5n2kfra8p0\LocalCache\local-packages\Python313\site-packages\django\utils\deprecation.py", line 129, in __call__
    response = response or self.get_response(request)
  File "C:\Users\tassi\AppData\Local\Packages\PythonSoftwareFoundation.Python.3.13_qbz5n2kfra8p0\LocalCache\local-packages\Python313\site-packages\django\core\handlers\exception.py", line 55, in inner
    response = get_response(request)
  File "C:\Users\tassi\AppData\Local\Packages\PythonSoftwareFoundation.Python.3.13_qbz5n2kfra8p0\LocalCache\local-packages\Python313\site-packages\django\utils\deprecation.py", line 129, in __call__
    response = response or self.get_response(request)
> File "C:\Users\tassi\AppData\Local\Packages\PythonSoftwareFoundation.Python.3.13_qbz5n2kfra8p0\LocalCache\local-packages\Python313\site-packages\django\core\handlers\exception.py", line 55, in inner
    response = get_response(request)
  File "C:\Users\tassi\AppData\Local\Packages\PythonSoftwareFoundation.Python.3.13_qbz5n2kfra8p0\LocalCache\local-packages\Python313\site-packages\django\core\handlers\base.py", line 197, in _get_response
    response = wrapped_callback(request, *callback_args, **callback_kwargs)
  File "C:\Users\tassi\AppData\Local\Packages\PythonSoftwareFoundation.Python.3.13_qbz5n2kfra8p0\LocalCache\local-packages\Python313\site-packages\django\contrib\auth\decorators.py", line 60, in _view_wrapper
    return view_func(request, *args, **kwargs)

  File "C:\dev\MeuPortfolio\finanças\core\views_dashboard.py", line 69, in dashboard
    this_month = _month_outlook(user, flt, anchor if flt.preset == "month" else t.replace(day=1))

UnboundLocalError: cannot access local variable 'anchor' where it is not associated with a value
2026-09-27 12:57:21.036 | ERROR    | logging:callHandlers:1737 - Internal Server Error: /
Traceback (most recent call last):

  File "C:\dev\MeuPortfolio\finanças\manage.py", line 22, in <module>
    main()

  File "C:\dev\MeuPortfolio\finanças\manage.py", line 18, in main
    execute_from_command_line(sys.argv)

  File "C:\Users\tassi\AppData\Local\Packages\PythonSoftwareFoundation.Python.3.13_qbz5n2kfra8p0\LocalCache\local-packages\Python313\site-packages\django\core\management\__init__.py", line 442, in execute_from_command_line
    utility.execute()
  File "C:\Users\tassi\AppData\Local\Packages\PythonSoftwareFoundation.Python.3.13_qbz5n2kfra8p0\LocalCache\local-packages\Python313\site-packages\django\core\management\__init__.py", line 436, in execute
    self.fetch_command(subcommand).run_from_argv(self.argv)
  File "C:\Users\tassi\AppData\Local\Packages\PythonSoftwareFoundation.Python.3.13_qbz5n2kfra8p0\LocalCache\local-packages\Python313\site-packages\django\core\management\commands\test.py", line 24, in run_from_argv
    super().run_from_argv(argv)
  File "C:\Users\tassi\AppData\Local\Packages\PythonSoftwareFoundation.Python.3.13_qbz5n2kfra8p0\LocalCache\local-packages\Python313\site-packages\django\core\management\base.py", line 413, in run_from_argv
    self.execute(*args, **cmd_options)
  File "C:\Users\tassi\AppData\Local\Packages\PythonSoftwareFoundation.Python.3.13_qbz5n2kfra8p0\LocalCache\local-packages\Python313\site-packages\django\core\management\base.py", line 459, in execute
    output = self.handle(*args, **options)
  File "C:\Users\tassi\AppData\Local\Packages\PythonSoftwareFoundation.Python.3.13_qbz5n2kfra8p0\LocalCache\local-packages\Python313\site-packages\django\core\management\commands\test.py", line 63, in handle
    failures = test_runner.run_tests(test_labels)
  File "C:\Users\tassi\AppData\Local\Packages\PythonSoftwareFoundation.Python.3.13_qbz5n2kfra8p0\LocalCache\local-packages\Python313\site-packages\django\test\runner.py", line 1073, in run_tests
    result = self.run_suite(suite)
  File "C:\Users\tassi\AppData\Local\Packages\PythonSoftwareFoundation.Python.3.13_qbz5n2kfra8p0\LocalCache\local-packages\Python313\site-packages\django\test\runner.py", line 1000, in run_suite
    return runner.run(suite)
  File "C:\Program Files\WindowsApps\PythonSoftwareFoundation.Python.3.13_3.13.3824.0_x64__qbz5n2kfra8p0\Lib\unittest\runner.py", line 240, in run
    test(result)
  File "C:\Program Files\WindowsApps\PythonSoftwareFoundation.Python.3.13_3.13.3824.0_x64__qbz5n2kfra8p0\Lib\unittest\suite.py", line 84, in __call__
    return self.run(*args, **kwds)
  File "C:\Program Files\WindowsApps\PythonSoftwareFoundation.Python.3.13_3.13.3824.0_x64__qbz5n2kfra8p0\Lib\unittest\suite.py", line 122, in run
    test(result)
  File "C:\Users\tassi\AppData\Local\Packages\PythonSoftwareFoundation.Python.3.13_qbz5n2kfra8p0\LocalCache\local-packages\Python313\site-packages\django\test\testcases.py", line 317, in __call__
    self._setup_and_call(result)
  File "C:\Users\tassi\AppData\Local\Packages\PythonSoftwareFoundation.Python.3.13_qbz5n2kfra8p0\LocalCache\local-packages\Python313\site-packages\django\test\testcases.py", line 369, in _setup_and_call
    super().__call__(result)
  File "C:\Program Files\WindowsApps\PythonSoftwareFoundation.Python.3.13_3.13.3824.0_x64__qbz5n2kfra8p0\Lib\unittest\case.py", line 707, in __call__
    return self.run(*args, **kwds)
  File "C:\Program Files\WindowsApps\PythonSoftwareFoundation.Python.3.13_3.13.3824.0_x64__qbz5n2kfra8p0\Lib\unittest\case.py", line 651, in run
    self._callTestMethod(testMethod)
  File "C:\Program Files\WindowsApps\PythonSoftwareFoundation.Python.3.13_3.13.3824.0_x64__qbz5n2kfra8p0\Lib\unittest\case.py", line 606, in _callTestMethod
    if method() is not None:

  File "C:\dev\MeuPortfolio\finanças\core\tests_cashflow.py", line 158, in test_loan_installments_count_in_expenses
    resp = self.get()

  File "C:\dev\MeuPortfolio\finanças\core\tests_cashflow.py", line 136, in get
    return self.client.get(reverse("dashboard") + qs)

  File "C:\Users\tassi\AppData\Local\Packages\PythonSoftwareFoundation.Python.3.13_qbz5n2kfra8p0\LocalCache\local-packages\Python313\site-packages\django\test\client.py", line 1129, in get
    response = super().get(
  File "C:\Users\tassi\AppData\Local\Packages\PythonSoftwareFoundation.Python.3.13_qbz5n2kfra8p0\LocalCache\local-packages\Python313\site-packages\django\test\client.py", line 479, in get
    return self.generic(
  File "C:\Users\tassi\AppData\Local\Packages\PythonSoftwareFoundation.Python.3.13_qbz5n2kfra8p0\LocalCache\local-packages\Python313\site-packages\django\test\client.py", line 676, in generic
    return self.request(**r)
  File "C:\Users\tassi\AppData\Local\Packages\PythonSoftwareFoundation.Python.3.13_qbz5n2kfra8p0\LocalCache\local-packages\Python313\site-packages\django\test\client.py", line 1087, in request
    response = self.handler(environ)
  File "C:\Users\tassi\AppData\Local\Packages\PythonSoftwareFoundation.Python.3.13_qbz5n2kfra8p0\LocalCache\local-packages\Python313\site-packages\django\test\client.py", line 186, in __call__
    response = self.get_response(request)
  File "C:\Users\tassi\AppData\Local\Packages\PythonSoftwareFoundation.Python.3.13_qbz5n2kfra8p0\LocalCache\local-packages\Python313\site-packages\django\core\handlers\base.py", line 140, in get_response
    response = self._middleware_chain(request)
  File "C:\Users\tassi\AppData\Local\Packages\PythonSoftwareFoundation.Python.3.13_qbz5n2kfra8p0\LocalCache\local-packages\Python313\site-packages\django\core\handlers\exception.py", line 55, in inner
    response = get_response(request)
  File "C:\Users\tassi\AppData\Local\Packages\PythonSoftwareFoundation.Python.3.13_qbz5n2kfra8p0\LocalCache\local-packages\Python313\site-packages\django\utils\deprecation.py", line 129, in __call__
    response = response or self.get_response(request)
  File "C:\Users\tassi\AppData\Local\Packages\PythonSoftwareFoundation.Python.3.13_qbz5n2kfra8p0\LocalCache\local-packages\Python313\site-packages\django\core\handlers\exception.py", line 55, in inner
    response = get_response(request)
  File "C:\Users\tassi\AppData\Local\Packages\PythonSoftwareFoundation.Python.3.13_qbz5n2kfra8p0\LocalCache\local-packages\Python313\site-packages\whitenoise\middleware.py", line 123, in __call__
    return self.get_response(request)
  File "C:\Users\tassi\AppData\Local\Packages\PythonSoftwareFoundation.Python.3.13_qbz5n2kfra8p0\LocalCache\local-packages\Python313\site-packages\django\core\handlers\exception.py", line 55, in inner
    response = get_response(request)
  File "C:\Users\tassi\AppData\Local\Packages\PythonSoftwareFoundation.Python.3.13_qbz5n2kfra8p0\LocalCache\local-packages\Python313\site-packages\django\utils\deprecation.py", line 129, in __call__
    response = response or self.get_response(request)
  File "C:\Users\tassi\AppData\Local\Packages\PythonSoftwareFoundation.Python.3.13_qbz5n2kfra8p0\LocalCache\local-packages\Python313\site-packages\django\core\handlers\exception.py", line 55, in inner
    response = get_response(request)
  File "C:\Users\tassi\AppData\Local\Packages\PythonSoftwareFoundation.Python.3.13_qbz5n2kfra8p0\LocalCache\local-packages\Python313\site-packages\django\utils\deprecation.py", line 129, in __call__
    response = response or self.get_response(request)
  File "C:\Users\tassi\AppData\Local\Packages\PythonSoftwareFoundation.Python.3.13_qbz5n2kfra8p0\LocalCache\local-packages\Python313\site-packages\django\core\handlers\exception.py", line 55, in inner
    response = get_response(request)
  File "C:\Users\tassi\AppData\Local\Packages\PythonSoftwareFoundation.Python.3.13_qbz5n2kfra8p0\LocalCache\local-packages\Python313\site-packages\django\utils\deprecation.py", line 129, in __call__
    response = response or self.get_response(request)
  File "C:\Users\tassi\AppData\Local\Packages\PythonSoftwareFoundation.Python.3.13_qbz5n2kfra8p0\LocalCache\local-packages\Python313\site-packages\django\core\handlers\exception.py", line 55, in inner
    response = get_response(request)
  File "C:\Users\tassi\AppData\Local\Packages\PythonSoftwareFoundation.Python.3.13_qbz5n2kfra8p0\LocalCache\local-packages\Python313\site-packages\django\utils\deprecation.py", line 129, in __call__
    response = response or self.get_response(request)
  File "C:\Users\tassi\AppData\Local\Packages\PythonSoftwareFoundation.Python.3.13_qbz5n2kfra8p0\LocalCache\local-packages\Python313\site-packages\django\core\handlers\exception.py", line 55, in inner
    response = get_response(request)
  File "C:\Users\tassi\AppData\Local\Packages\PythonSoftwareFoundation.Python.3.13_qbz5n2kfra8p0\LocalCache\local-packages\Python313\site-packages\django\utils\deprecation.py", line 129, in __call__
    response = response or self.get_response(request)
  File "C:\Users\tassi\AppData\Local\Packages\PythonSoftwareFoundation.Python.3.13_qbz5n2kfra8p0\LocalCache\local-packages\Python313\site-packages\django\core\handlers\exception.py", line 55, in inner
    response = get_response(request)
  File "C:\Users\tassi\AppData\Local\Packages\PythonSoftwareFoundation.Python.3.13_qbz5n2kfra8p0\LocalCache\local-packages\Python313\site-packages\django\utils\deprecation.py", line 129, in __call__
    response = response or self.get_response(request)
> File "C:\Users\tassi\AppData\Local\Packages\PythonSoftwareFoundation.Python.3.13_qbz5n2kfra8p0\LocalCache\local-packages\Python313\site-packages\django\core\handlers\exception.py", line 55, in inner
    response = get_response(request)
  File "C:\Users\tassi\AppData\Local\Packages\PythonSoftwareFoundation.Python.3.13_qbz5n2kfra8p0\LocalCache\local-packages\Python313\site-packages\django\core\handlers\base.py", line 197, in _get_response
    response = wrapped_callback(request, *callback_args, **callback_kwargs)
  File "C:\Users\tassi\AppData\Local\Packages\PythonSoftwareFoundation.Python.3.13_qbz5n2kfra8p0\LocalCache\local-packages\Python313\site-packages\django\contrib\auth\decorators.py", line 60, in _view_wrapper
    return view_func(request, *args, **kwargs)

  File "C:\dev\MeuPortfolio\finanças\core\views_dashboard.py", line 69, in dashboard
    this_month = _month_outlook(user, flt, anchor if flt.preset == "month" else t.replace(day=1))

UnboundLocalError: cannot access local variable 'anchor' where it is not associated with a value
2026-09-27 12:57:21.073 | ERROR    | logging:callHandlers:1737 - Internal Server Error: /
Traceback (most recent call last):

  File "C:\dev\MeuPortfolio\finanças\manage.py", line 22, in <module>
    main()

  File "C:\dev\MeuPortfolio\finanças\manage.py", line 18, in main
    execute_from_command_line(sys.argv)

  File "C:\Users\tassi\AppData\Local\Packages\PythonSoftwareFoundation.Python.3.13_qbz5n2kfra8p0\LocalCache\local-packages\Python313\site-packages\django\core\management\__init__.py", line 442, in execute_from_command_line
    utility.execute()
  File "C:\Users\tassi\AppData\Local\Packages\PythonSoftwareFoundation.Python.3.13_qbz5n2kfra8p0\LocalCache\local-packages\Python313\site-packages\django\core\management\__init__.py", line 436, in execute
    self.fetch_command(subcommand).run_from_argv(self.argv)
  File "C:\Users\tassi\AppData\Local\Packages\PythonSoftwareFoundation.Python.3.13_qbz5n2kfra8p0\LocalCache\local-packages\Python313\site-packages\django\core\management\commands\test.py", line 24, in run_from_argv
    super().run_from_argv(argv)
  File "C:\Users\tassi\AppData\Local\Packages\PythonSoftwareFoundation.Python.3.13_qbz5n2kfra8p0\LocalCache\local-packages\Python313\site-packages\django\core\management\base.py", line 413, in run_from_argv
    self.execute(*args, **cmd_options)
  File "C:\Users\tassi\AppData\Local\Packages\PythonSoftwareFoundation.Python.3.13_qbz5n2kfra8p0\LocalCache\local-packages\Python313\site-packages\django\core\management\base.py", line 459, in execute
    output = self.handle(*args, **options)
  File "C:\Users\tassi\AppData\Local\Packages\PythonSoftwareFoundation.Python.3.13_qbz5n2kfra8p0\LocalCache\local-packages\Python313\site-packages\django\core\management\commands\test.py", line 63, in handle
    failures = test_runner.run_tests(test_labels)
  File "C:\Users\tassi\AppData\Local\Packages\PythonSoftwareFoundation.Python.3.13_qbz5n2kfra8p0\LocalCache\local-packages\Python313\site-packages\django\test\runner.py", line 1073, in run_tests
    result = self.run_suite(suite)
  File "C:\Users\tassi\AppData\Local\Packages\PythonSoftwareFoundation.Python.3.13_qbz5n2kfra8p0\LocalCache\local-packages\Python313\site-packages\django\test\runner.py", line 1000, in run_suite
    return runner.run(suite)
  File "C:\Program Files\WindowsApps\PythonSoftwareFoundation.Python.3.13_3.13.3824.0_x64__qbz5n2kfra8p0\Lib\unittest\runner.py", line 240, in run
    test(result)
  File "C:\Program Files\WindowsApps\PythonSoftwareFoundation.Python.3.13_3.13.3824.0_x64__qbz5n2kfra8p0\Lib\unittest\suite.py", line 84, in __call__
    return self.run(*args, **kwds)
  File "C:\Program Files\WindowsApps\PythonSoftwareFoundation.Python.3.13_3.13.3824.0_x64__qbz5n2kfra8p0\Lib\unittest\suite.py", line 122, in run
    test(result)
  File "C:\Users\tassi\AppData\Local\Packages\PythonSoftwareFoundation.Python.3.13_qbz5n2kfra8p0\LocalCache\local-packages\Python313\site-packages\django\test\testcases.py", line 317, in __call__
    self._setup_and_call(result)
  File "C:\Users\tassi\AppData\Local\Packages\PythonSoftwareFoundation.Python.3.13_qbz5n2kfra8p0\LocalCache\local-packages\Python313\site-packages\django\test\testcases.py", line 369, in _setup_and_call
    super().__call__(result)
  File "C:\Program Files\WindowsApps\PythonSoftwareFoundation.Python.3.13_3.13.3824.0_x64__qbz5n2kfra8p0\Lib\unittest\case.py", line 707, in __call__
    return self.run(*args, **kwds)
  File "C:\Program Files\WindowsApps\PythonSoftwareFoundation.Python.3.13_3.13.3824.0_x64__qbz5n2kfra8p0\Lib\unittest\case.py", line 651, in run
    self._callTestMethod(testMethod)
  File "C:\Program Files\WindowsApps\PythonSoftwareFoundation.Python.3.13_3.13.3824.0_x64__qbz5n2kfra8p0\Lib\unittest\case.py", line 606, in _callTestMethod
    if method() is not None:

  File "C:\dev\MeuPortfolio\finanças\core\tests_cashflow.py", line 145, in test_recent_activity_shows_last_created_not_biggest
    resp = self.get()

  File "C:\dev\MeuPortfolio\finanças\core\tests_cashflow.py", line 136, in get
    return self.client.get(reverse("dashboard") + qs)

  File "C:\Users\tassi\AppData\Local\Packages\PythonSoftwareFoundation.Python.3.13_qbz5n2kfra8p0\LocalCache\local-packages\Python313\site-packages\django\test\client.py", line 1129, in get
    response = super().get(
  File "C:\Users\tassi\AppData\Local\Packages\PythonSoftwareFoundation.Python.3.13_qbz5n2kfra8p0\LocalCache\local-packages\Python313\site-packages\django\test\client.py", line 479, in get
    return self.generic(
  File "C:\Users\tassi\AppData\Local\Packages\PythonSoftwareFoundation.Python.3.13_qbz5n2kfra8p0\LocalCache\local-packages\Python313\site-packages\django\test\client.py", line 676, in generic
    return self.request(**r)
  File "C:\Users\tassi\AppData\Local\Packages\PythonSoftwareFoundation.Python.3.13_qbz5n2kfra8p0\LocalCache\local-packages\Python313\site-packages\django\test\client.py", line 1087, in request
    response = self.handler(environ)
  File "C:\Users\tassi\AppData\Local\Packages\PythonSoftwareFoundation.Python.3.13_qbz5n2kfra8p0\LocalCache\local-packages\Python313\site-packages\django\test\client.py", line 186, in __call__
    response = self.get_response(request)
  File "C:\Users\tassi\AppData\Local\Packages\PythonSoftwareFoundation.Python.3.13_qbz5n2kfra8p0\LocalCache\local-packages\Python313\site-packages\django\core\handlers\base.py", line 140, in get_response
    response = self._middleware_chain(request)
  File "C:\Users\tassi\AppData\Local\Packages\PythonSoftwareFoundation.Python.3.13_qbz5n2kfra8p0\LocalCache\local-packages\Python313\site-packages\django\core\handlers\exception.py", line 55, in inner
    response = get_response(request)
  File "C:\Users\tassi\AppData\Local\Packages\PythonSoftwareFoundation.Python.3.13_qbz5n2kfra8p0\LocalCache\local-packages\Python313\site-packages\django\utils\deprecation.py", line 129, in __call__
    response = response or self.get_response(request)
  File "C:\Users\tassi\AppData\Local\Packages\PythonSoftwareFoundation.Python.3.13_qbz5n2kfra8p0\LocalCache\local-packages\Python313\site-packages\django\core\handlers\exception.py", line 55, in inner
    response = get_response(request)
  File "C:\Users\tassi\AppData\Local\Packages\PythonSoftwareFoundation.Python.3.13_qbz5n2kfra8p0\LocalCache\local-packages\Python313\site-packages\whitenoise\middleware.py", line 123, in __call__
    return self.get_response(request)
  File "C:\Users\tassi\AppData\Local\Packages\PythonSoftwareFoundation.Python.3.13_qbz5n2kfra8p0\LocalCache\local-packages\Python313\site-packages\django\core\handlers\exception.py", line 55, in inner
    response = get_response(request)
  File "C:\Users\tassi\AppData\Local\Packages\PythonSoftwareFoundation.Python.3.13_qbz5n2kfra8p0\LocalCache\local-packages\Python313\site-packages\django\utils\deprecation.py", line 129, in __call__
    response = response or self.get_response(request)
  File "C:\Users\tassi\AppData\Local\Packages\PythonSoftwareFoundation.Python.3.13_qbz5n2kfra8p0\LocalCache\local-packages\Python313\site-packages\django\core\handlers\exception.py", line 55, in inner
    response = get_response(request)
  File "C:\Users\tassi\AppData\Local\Packages\PythonSoftwareFoundation.Python.3.13_qbz5n2kfra8p0\LocalCache\local-packages\Python313\site-packages\django\utils\deprecation.py", line 129, in __call__
    response = response or self.get_response(request)
  File "C:\Users\tassi\AppData\Local\Packages\PythonSoftwareFoundation.Python.3.13_qbz5n2kfra8p0\LocalCache\local-packages\Python313\site-packages\django\core\handlers\exception.py", line 55, in inner
    response = get_response(request)
  File "C:\Users\tassi\AppData\Local\Packages\PythonSoftwareFoundation.Python.3.13_qbz5n2kfra8p0\LocalCache\local-packages\Python313\site-packages\django\utils\deprecation.py", line 129, in __call__
    response = response or self.get_response(request)
  File "C:\Users\tassi\AppData\Local\Packages\PythonSoftwareFoundation.Python.3.13_qbz5n2kfra8p0\LocalCache\local-packages\Python313\site-packages\django\core\handlers\exception.py", line 55, in inner
    response = get_response(request)
  File "C:\Users\tassi\AppData\Local\Packages\PythonSoftwareFoundation.Python.3.13_qbz5n2kfra8p0\LocalCache\local-packages\Python313\site-packages\django\utils\deprecation.py", line 129, in __call__
    response = response or self.get_response(request)
  File "C:\Users\tassi\AppData\Local\Packages\PythonSoftwareFoundation.Python.3.13_qbz5n2kfra8p0\LocalCache\local-packages\Python313\site-packages\django\core\handlers\exception.py", line 55, in inner
    response = get_response(request)
  File "C:\Users\tassi\AppData\Local\Packages\PythonSoftwareFoundation.Python.3.13_qbz5n2kfra8p0\LocalCache\local-packages\Python313\site-packages\django\utils\deprecation.py", line 129, in __call__
    response = response or self.get_response(request)
  File "C:\Users\tassi\AppData\Local\Packages\PythonSoftwareFoundation.Python.3.13_qbz5n2kfra8p0\LocalCache\local-packages\Python313\site-packages\django\core\handlers\exception.py", line 55, in inner
    response = get_response(request)
  File "C:\Users\tassi\AppData\Local\Packages\PythonSoftwareFoundation.Python.3.13_qbz5n2kfra8p0\LocalCache\local-packages\Python313\site-packages\django\utils\deprecation.py", line 129, in __call__
    response = response or self.get_response(request)
> File "C:\Users\tassi\AppData\Local\Packages\PythonSoftwareFoundation.Python.3.13_qbz5n2kfra8p0\LocalCache\local-packages\Python313\site-packages\django\core\handlers\exception.py", line 55, in inner
    response = get_response(request)
  File "C:\Users\tassi\AppData\Local\Packages\PythonSoftwareFoundation.Python.3.13_qbz5n2kfra8p0\LocalCache\local-packages\Python313\site-packages\django\core\handlers\base.py", line 197, in _get_response
    response = wrapped_callback(request, *callback_args, **callback_kwargs)
  File "C:\Users\tassi\AppData\Local\Packages\PythonSoftwareFoundation.Python.3.13_qbz5n2kfra8p0\LocalCache\local-packages\Python313\site-packages\django\contrib\auth\decorators.py", line 60, in _view_wrapper
    return view_func(request, *args, **kwargs)

  File "C:\dev\MeuPortfolio\finanças\core\views_dashboard.py", line 69, in dashboard
    this_month = _month_outlook(user, flt, anchor if flt.preset == "month" else t.replace(day=1))

UnboundLocalError: cannot access local variable 'anchor' where it is not associated with a value
2026-09-27 12:57:21.111 | ERROR    | logging:callHandlers:1737 - Internal Server Error: /
Traceback (most recent call last):

  File "C:\dev\MeuPortfolio\finanças\manage.py", line 22, in <module>
    main()

  File "C:\dev\MeuPortfolio\finanças\manage.py", line 18, in main
    execute_from_command_line(sys.argv)

  File "C:\Users\tassi\AppData\Local\Packages\PythonSoftwareFoundation.Python.3.13_qbz5n2kfra8p0\LocalCache\local-packages\Python313\site-packages\django\core\management\__init__.py", line 442, in execute_from_command_line
    utility.execute()
  File "C:\Users\tassi\AppData\Local\Packages\PythonSoftwareFoundation.Python.3.13_qbz5n2kfra8p0\LocalCache\local-packages\Python313\site-packages\django\core\management\__init__.py", line 436, in execute
    self.fetch_command(subcommand).run_from_argv(self.argv)
  File "C:\Users\tassi\AppData\Local\Packages\PythonSoftwareFoundation.Python.3.13_qbz5n2kfra8p0\LocalCache\local-packages\Python313\site-packages\django\core\management\commands\test.py", line 24, in run_from_argv
    super().run_from_argv(argv)
  File "C:\Users\tassi\AppData\Local\Packages\PythonSoftwareFoundation.Python.3.13_qbz5n2kfra8p0\LocalCache\local-packages\Python313\site-packages\django\core\management\base.py", line 413, in run_from_argv
    self.execute(*args, **cmd_options)
  File "C:\Users\tassi\AppData\Local\Packages\PythonSoftwareFoundation.Python.3.13_qbz5n2kfra8p0\LocalCache\local-packages\Python313\site-packages\django\core\management\base.py", line 459, in execute
    output = self.handle(*args, **options)
  File "C:\Users\tassi\AppData\Local\Packages\PythonSoftwareFoundation.Python.3.13_qbz5n2kfra8p0\LocalCache\local-packages\Python313\site-packages\django\core\management\commands\test.py", line 63, in handle
    failures = test_runner.run_tests(test_labels)
  File "C:\Users\tassi\AppData\Local\Packages\PythonSoftwareFoundation.Python.3.13_qbz5n2kfra8p0\LocalCache\local-packages\Python313\site-packages\django\test\runner.py", line 1073, in run_tests
    result = self.run_suite(suite)
  File "C:\Users\tassi\AppData\Local\Packages\PythonSoftwareFoundation.Python.3.13_qbz5n2kfra8p0\LocalCache\local-packages\Python313\site-packages\django\test\runner.py", line 1000, in run_suite
    return runner.run(suite)
  File "C:\Program Files\WindowsApps\PythonSoftwareFoundation.Python.3.13_3.13.3824.0_x64__qbz5n2kfra8p0\Lib\unittest\runner.py", line 240, in run
    test(result)
  File "C:\Program Files\WindowsApps\PythonSoftwareFoundation.Python.3.13_3.13.3824.0_x64__qbz5n2kfra8p0\Lib\unittest\suite.py", line 84, in __call__
    return self.run(*args, **kwds)
  File "C:\Program Files\WindowsApps\PythonSoftwareFoundation.Python.3.13_3.13.3824.0_x64__qbz5n2kfra8p0\Lib\unittest\suite.py", line 122, in run
    test(result)
  File "C:\Users\tassi\AppData\Local\Packages\PythonSoftwareFoundation.Python.3.13_qbz5n2kfra8p0\LocalCache\local-packages\Python313\site-packages\django\test\testcases.py", line 317, in __call__
    self._setup_and_call(result)
  File "C:\Users\tassi\AppData\Local\Packages\PythonSoftwareFoundation.Python.3.13_qbz5n2kfra8p0\LocalCache\local-packages\Python313\site-packages\django\test\testcases.py", line 369, in _setup_and_call
    super().__call__(result)
  File "C:\Program Files\WindowsApps\PythonSoftwareFoundation.Python.3.13_3.13.3824.0_x64__qbz5n2kfra8p0\Lib\unittest\case.py", line 707, in __call__
    return self.run(*args, **kwds)
  File "C:\Program Files\WindowsApps\PythonSoftwareFoundation.Python.3.13_3.13.3824.0_x64__qbz5n2kfra8p0\Lib\unittest\case.py", line 651, in run
    self._callTestMethod(testMethod)
  File "C:\Program Files\WindowsApps\PythonSoftwareFoundation.Python.3.13_3.13.3824.0_x64__qbz5n2kfra8p0\Lib\unittest\case.py", line 606, in _callTestMethod
    if method() is not None:

  File "C:\dev\MeuPortfolio\finanças\core\tests_cashflow.py", line 198, in test_saldo_hoje_vs_projetado
    resp = self.get()

  File "C:\dev\MeuPortfolio\finanças\core\tests_cashflow.py", line 136, in get
    return self.client.get(reverse("dashboard") + qs)

  File "C:\Users\tassi\AppData\Local\Packages\PythonSoftwareFoundation.Python.3.13_qbz5n2kfra8p0\LocalCache\local-packages\Python313\site-packages\django\test\client.py", line 1129, in get
    response = super().get(
  File "C:\Users\tassi\AppData\Local\Packages\PythonSoftwareFoundation.Python.3.13_qbz5n2kfra8p0\LocalCache\local-packages\Python313\site-packages\django\test\client.py", line 479, in get
    return self.generic(
  File "C:\Users\tassi\AppData\Local\Packages\PythonSoftwareFoundation.Python.3.13_qbz5n2kfra8p0\LocalCache\local-packages\Python313\site-packages\django\test\client.py", line 676, in generic
    return self.request(**r)
  File "C:\Users\tassi\AppData\Local\Packages\PythonSoftwareFoundation.Python.3.13_qbz5n2kfra8p0\LocalCache\local-packages\Python313\site-packages\django\test\client.py", line 1087, in request
    response = self.handler(environ)
  File "C:\Users\tassi\AppData\Local\Packages\PythonSoftwareFoundation.Python.3.13_qbz5n2kfra8p0\LocalCache\local-packages\Python313\site-packages\django\test\client.py", line 186, in __call__
    response = self.get_response(request)
  File "C:\Users\tassi\AppData\Local\Packages\PythonSoftwareFoundation.Python.3.13_qbz5n2kfra8p0\LocalCache\local-packages\Python313\site-packages\django\core\handlers\base.py", line 140, in get_response
    response = self._middleware_chain(request)
  File "C:\Users\tassi\AppData\Local\Packages\PythonSoftwareFoundation.Python.3.13_qbz5n2kfra8p0\LocalCache\local-packages\Python313\site-packages\django\core\handlers\exception.py", line 55, in inner
    response = get_response(request)
  File "C:\Users\tassi\AppData\Local\Packages\PythonSoftwareFoundation.Python.3.13_qbz5n2kfra8p0\LocalCache\local-packages\Python313\site-packages\django\utils\deprecation.py", line 129, in __call__
    response = response or self.get_response(request)
  File "C:\Users\tassi\AppData\Local\Packages\PythonSoftwareFoundation.Python.3.13_qbz5n2kfra8p0\LocalCache\local-packages\Python313\site-packages\django\core\handlers\exception.py", line 55, in inner
    response = get_response(request)
  File "C:\Users\tassi\AppData\Local\Packages\PythonSoftwareFoundation.Python.3.13_qbz5n2kfra8p0\LocalCache\local-packages\Python313\site-packages\whitenoise\middleware.py", line 123, in __call__
    return self.get_response(request)
  File "C:\Users\tassi\AppData\Local\Packages\PythonSoftwareFoundation.Python.3.13_qbz5n2kfra8p0\LocalCache\local-packages\Python313\site-packages\django\core\handlers\exception.py", line 55, in inner
    response = get_response(request)
  File "C:\Users\tassi\AppData\Local\Packages\PythonSoftwareFoundation.Python.3.13_qbz5n2kfra8p0\LocalCache\local-packages\Python313\site-packages\django\utils\deprecation.py", line 129, in __call__
    response = response or self.get_response(request)
  File "C:\Users\tassi\AppData\Local\Packages\PythonSoftwareFoundation.Python.3.13_qbz5n2kfra8p0\LocalCache\local-packages\Python313\site-packages\django\core\handlers\exception.py", line 55, in inner
    response = get_response(request)
  File "C:\Users\tassi\AppData\Local\Packages\PythonSoftwareFoundation.Python.3.13_qbz5n2kfra8p0\LocalCache\local-packages\Python313\site-packages\django\utils\deprecation.py", line 129, in __call__
    response = response or self.get_response(request)
  File "C:\Users\tassi\AppData\Local\Packages\PythonSoftwareFoundation.Python.3.13_qbz5n2kfra8p0\LocalCache\local-packages\Python313\site-packages\django\core\handlers\exception.py", line 55, in inner
    response = get_response(request)
  File "C:\Users\tassi\AppData\Local\Packages\PythonSoftwareFoundation.Python.3.13_qbz5n2kfra8p0\LocalCache\local-packages\Python313\site-packages\django\utils\deprecation.py", line 129, in __call__
    response = response or self.get_response(request)
  File "C:\Users\tassi\AppData\Local\Packages\PythonSoftwareFoundation.Python.3.13_qbz5n2kfra8p0\LocalCache\local-packages\Python313\site-packages\django\core\handlers\exception.py", line 55, in inner
    response = get_response(request)
  File "C:\Users\tassi\AppData\Local\Packages\PythonSoftwareFoundation.Python.3.13_qbz5n2kfra8p0\LocalCache\local-packages\Python313\site-packages\django\utils\deprecation.py", line 129, in __call__
    response = response or self.get_response(request)
  File "C:\Users\tassi\AppData\Local\Packages\PythonSoftwareFoundation.Python.3.13_qbz5n2kfra8p0\LocalCache\local-packages\Python313\site-packages\django\core\handlers\exception.py", line 55, in inner
    response = get_response(request)
  File "C:\Users\tassi\AppData\Local\Packages\PythonSoftwareFoundation.Python.3.13_qbz5n2kfra8p0\LocalCache\local-packages\Python313\site-packages\django\utils\deprecation.py", line 129, in __call__
    response = response or self.get_response(request)
  File "C:\Users\tassi\AppData\Local\Packages\PythonSoftwareFoundation.Python.3.13_qbz5n2kfra8p0\LocalCache\local-packages\Python313\site-packages\django\core\handlers\exception.py", line 55, in inner
    response = get_response(request)
  File "C:\Users\tassi\AppData\Local\Packages\PythonSoftwareFoundation.Python.3.13_qbz5n2kfra8p0\LocalCache\local-packages\Python313\site-packages\django\utils\deprecation.py", line 129, in __call__
    response = response or self.get_response(request)
> File "C:\Users\tassi\AppData\Local\Packages\PythonSoftwareFoundation.Python.3.13_qbz5n2kfra8p0\LocalCache\local-packages\Python313\site-packages\django\core\handlers\exception.py", line 55, in inner
    response = get_response(request)
  File "C:\Users\tassi\AppData\Local\Packages\PythonSoftwareFoundation.Python.3.13_qbz5n2kfra8p0\LocalCache\local-packages\Python313\site-packages\django\core\handlers\base.py", line 197, in _get_response
    response = wrapped_callback(request, *callback_args, **callback_kwargs)
  File "C:\Users\tassi\AppData\Local\Packages\PythonSoftwareFoundation.Python.3.13_qbz5n2kfra8p0\LocalCache\local-packages\Python313\site-packages\django\contrib\auth\decorators.py", line 60, in _view_wrapper
    return view_func(request, *args, **kwargs)

  File "C:\dev\MeuPortfolio\finanças\core\views_dashboard.py", line 69, in dashboard
    this_month = _month_outlook(user, flt, anchor if flt.preset == "month" else t.replace(day=1))

UnboundLocalError: cannot access local variable 'anchor' where it is not associated with a value
2026-09-27 12:57:21.617 | WARNING  | logging:callHandlers:1737 - Not Found: /loans/1/payments/1/revert/
2026-09-27 12:57:21.695 | INFO     | core.views_loans:form_valid:114 - Loan 1 created for duda
2026-09-27 12:57:21.721 | INFO     | core.views_loans:form_valid:114 - Loan 1 created for duda
2026-09-27 12:57:22.322 | WARNING  | core.market_data:get_latest_indicator:48 - No data returned for BCB series 432; falling back to 0.0
2026-09-27 12:57:22.325 | WARNING  | core.forms:clean:246 - yfinance name lookup failed for PETR4.SA: yfinance down
2026-09-27 12:57:22.386 | ERROR    | logging:callHandlers:1737 - Internal Server Error: /
Traceback (most recent call last):

  File "C:\dev\MeuPortfolio\finanças\manage.py", line 22, in <module>
    main()

  File "C:\dev\MeuPortfolio\finanças\manage.py", line 18, in main
    execute_from_command_line(sys.argv)

  File "C:\Users\tassi\AppData\Local\Packages\PythonSoftwareFoundation.Python.3.13_qbz5n2kfra8p0\LocalCache\local-packages\Python313\site-packages\django\core\management\__init__.py", line 442, in execute_from_command_line
    utility.execute()
  File "C:\Users\tassi\AppData\Local\Packages\PythonSoftwareFoundation.Python.3.13_qbz5n2kfra8p0\LocalCache\local-packages\Python313\site-packages\django\core\management\__init__.py", line 436, in execute
    self.fetch_command(subcommand).run_from_argv(self.argv)
  File "C:\Users\tassi\AppData\Local\Packages\PythonSoftwareFoundation.Python.3.13_qbz5n2kfra8p0\LocalCache\local-packages\Python313\site-packages\django\core\management\commands\test.py", line 24, in run_from_argv
    super().run_from_argv(argv)
  File "C:\Users\tassi\AppData\Local\Packages\PythonSoftwareFoundation.Python.3.13_qbz5n2kfra8p0\LocalCache\local-packages\Python313\site-packages\django\core\management\base.py", line 413, in run_from_argv
    self.execute(*args, **cmd_options)
  File "C:\Users\tassi\AppData\Local\Packages\PythonSoftwareFoundation.Python.3.13_qbz5n2kfra8p0\LocalCache\local-packages\Python313\site-packages\django\core\management\base.py", line 459, in execute
    output = self.handle(*args, **options)
  File "C:\Users\tassi\AppData\Local\Packages\PythonSoftwareFoundation.Python.3.13_qbz5n2kfra8p0\LocalCache\local-packages\Python313\site-packages\django\core\management\commands\test.py", line 63, in handle
    failures = test_runner.run_tests(test_labels)
  File "C:\Users\tassi\AppData\Local\Packages\PythonSoftwareFoundation.Python.3.13_qbz5n2kfra8p0\LocalCache\local-packages\Python313\site-packages\django\test\runner.py", line 1073, in run_tests
    result = self.run_suite(suite)
  File "C:\Users\tassi\AppData\Local\Packages\PythonSoftwareFoundation.Python.3.13_qbz5n2kfra8p0\LocalCache\local-packages\Python313\site-packages\django\test\runner.py", line 1000, in run_suite
    return runner.run(suite)
  File "C:\Program Files\WindowsApps\PythonSoftwareFoundation.Python.3.13_3.13.3824.0_x64__qbz5n2kfra8p0\Lib\unittest\runner.py", line 240, in run
    test(result)
  File "C:\Program Files\WindowsApps\PythonSoftwareFoundation.Python.3.13_3.13.3824.0_x64__qbz5n2kfra8p0\Lib\unittest\suite.py", line 84, in __call__
    return self.run(*args, **kwds)
  File "C:\Program Files\WindowsApps\PythonSoftwareFoundation.Python.3.13_3.13.3824.0_x64__qbz5n2kfra8p0\Lib\unittest\suite.py", line 122, in run
    test(result)
  File "C:\Users\tassi\AppData\Local\Packages\PythonSoftwareFoundation.Python.3.13_qbz5n2kfra8p0\LocalCache\local-packages\Python313\site-packages\django\test\testcases.py", line 317, in __call__
    self._setup_and_call(result)
  File "C:\Users\tassi\AppData\Local\Packages\PythonSoftwareFoundation.Python.3.13_qbz5n2kfra8p0\LocalCache\local-packages\Python313\site-packages\django\test\testcases.py", line 369, in _setup_and_call
    super().__call__(result)
  File "C:\Program Files\WindowsApps\PythonSoftwareFoundation.Python.3.13_3.13.3824.0_x64__qbz5n2kfra8p0\Lib\unittest\case.py", line 707, in __call__
    return self.run(*args, **kwds)
  File "C:\Program Files\WindowsApps\PythonSoftwareFoundation.Python.3.13_3.13.3824.0_x64__qbz5n2kfra8p0\Lib\unittest\case.py", line 651, in run
    self._callTestMethod(testMethod)
  File "C:\Program Files\WindowsApps\PythonSoftwareFoundation.Python.3.13_3.13.3824.0_x64__qbz5n2kfra8p0\Lib\unittest\case.py", line 606, in _callTestMethod
    if method() is not None:

  File "C:\dev\MeuPortfolio\finanças\core\tests_recurrence.py", line 216, in test_dashboard_navigating_to_a_future_month_materializes_recurring_expense
    response = self.client.get(reverse('dashboard'), {'month': next_month, 'year': next_year})

  File "C:\Users\tassi\AppData\Local\Packages\PythonSoftwareFoundation.Python.3.13_qbz5n2kfra8p0\LocalCache\local-packages\Python313\site-packages\django\test\client.py", line 1129, in get
    response = super().get(
  File "C:\Users\tassi\AppData\Local\Packages\PythonSoftwareFoundation.Python.3.13_qbz5n2kfra8p0\LocalCache\local-packages\Python313\site-packages\django\test\client.py", line 479, in get
    return self.generic(
  File "C:\Users\tassi\AppData\Local\Packages\PythonSoftwareFoundation.Python.3.13_qbz5n2kfra8p0\LocalCache\local-packages\Python313\site-packages\django\test\client.py", line 676, in generic
    return self.request(**r)
  File "C:\Users\tassi\AppData\Local\Packages\PythonSoftwareFoundation.Python.3.13_qbz5n2kfra8p0\LocalCache\local-packages\Python313\site-packages\django\test\client.py", line 1087, in request
    response = self.handler(environ)
  File "C:\Users\tassi\AppData\Local\Packages\PythonSoftwareFoundation.Python.3.13_qbz5n2kfra8p0\LocalCache\local-packages\Python313\site-packages\django\test\client.py", line 186, in __call__
    response = self.get_response(request)
  File "C:\Users\tassi\AppData\Local\Packages\PythonSoftwareFoundation.Python.3.13_qbz5n2kfra8p0\LocalCache\local-packages\Python313\site-packages\django\core\handlers\base.py", line 140, in get_response
    response = self._middleware_chain(request)
  File "C:\Users\tassi\AppData\Local\Packages\PythonSoftwareFoundation.Python.3.13_qbz5n2kfra8p0\LocalCache\local-packages\Python313\site-packages\django\core\handlers\exception.py", line 55, in inner
    response = get_response(request)
  File "C:\Users\tassi\AppData\Local\Packages\PythonSoftwareFoundation.Python.3.13_qbz5n2kfra8p0\LocalCache\local-packages\Python313\site-packages\django\utils\deprecation.py", line 129, in __call__
    response = response or self.get_response(request)
  File "C:\Users\tassi\AppData\Local\Packages\PythonSoftwareFoundation.Python.3.13_qbz5n2kfra8p0\LocalCache\local-packages\Python313\site-packages\django\core\handlers\exception.py", line 55, in inner
    response = get_response(request)
  File "C:\Users\tassi\AppData\Local\Packages\PythonSoftwareFoundation.Python.3.13_qbz5n2kfra8p0\LocalCache\local-packages\Python313\site-packages\whitenoise\middleware.py", line 123, in __call__
    return self.get_response(request)
  File "C:\Users\tassi\AppData\Local\Packages\PythonSoftwareFoundation.Python.3.13_qbz5n2kfra8p0\LocalCache\local-packages\Python313\site-packages\django\core\handlers\exception.py", line 55, in inner
    response = get_response(request)
  File "C:\Users\tassi\AppData\Local\Packages\PythonSoftwareFoundation.Python.3.13_qbz5n2kfra8p0\LocalCache\local-packages\Python313\site-packages\django\utils\deprecation.py", line 129, in __call__
    response = response or self.get_response(request)
  File "C:\Users\tassi\AppData\Local\Packages\PythonSoftwareFoundation.Python.3.13_qbz5n2kfra8p0\LocalCache\local-packages\Python313\site-packages\django\core\handlers\exception.py", line 55, in inner
    response = get_response(request)
  File "C:\Users\tassi\AppData\Local\Packages\PythonSoftwareFoundation.Python.3.13_qbz5n2kfra8p0\LocalCache\local-packages\Python313\site-packages\django\utils\deprecation.py", line 129, in __call__
    response = response or self.get_response(request)
  File "C:\Users\tassi\AppData\Local\Packages\PythonSoftwareFoundation.Python.3.13_qbz5n2kfra8p0\LocalCache\local-packages\Python313\site-packages\django\core\handlers\exception.py", line 55, in inner
    response = get_response(request)
  File "C:\Users\tassi\AppData\Local\Packages\PythonSoftwareFoundation.Python.3.13_qbz5n2kfra8p0\LocalCache\local-packages\Python313\site-packages\django\utils\deprecation.py", line 129, in __call__
    response = response or self.get_response(request)
  File "C:\Users\tassi\AppData\Local\Packages\PythonSoftwareFoundation.Python.3.13_qbz5n2kfra8p0\LocalCache\local-packages\Python313\site-packages\django\core\handlers\exception.py", line 55, in inner
    response = get_response(request)
  File "C:\Users\tassi\AppData\Local\Packages\PythonSoftwareFoundation.Python.3.13_qbz5n2kfra8p0\LocalCache\local-packages\Python313\site-packages\django\utils\deprecation.py", line 129, in __call__
    response = response or self.get_response(request)
  File "C:\Users\tassi\AppData\Local\Packages\PythonSoftwareFoundation.Python.3.13_qbz5n2kfra8p0\LocalCache\local-packages\Python313\site-packages\django\core\handlers\exception.py", line 55, in inner
    response = get_response(request)
  File "C:\Users\tassi\AppData\Local\Packages\PythonSoftwareFoundation.Python.3.13_qbz5n2kfra8p0\LocalCache\local-packages\Python313\site-packages\django\utils\deprecation.py", line 129, in __call__
    response = response or self.get_response(request)
  File "C:\Users\tassi\AppData\Local\Packages\PythonSoftwareFoundation.Python.3.13_qbz5n2kfra8p0\LocalCache\local-packages\Python313\site-packages\django\core\handlers\exception.py", line 55, in inner
    response = get_response(request)
  File "C:\Users\tassi\AppData\Local\Packages\PythonSoftwareFoundation.Python.3.13_qbz5n2kfra8p0\LocalCache\local-packages\Python313\site-packages\django\utils\deprecation.py", line 129, in __call__
    response = response or self.get_response(request)
> File "C:\Users\tassi\AppData\Local\Packages\PythonSoftwareFoundation.Python.3.13_qbz5n2kfra8p0\LocalCache\local-packages\Python313\site-packages\django\core\handlers\exception.py", line 55, in inner
    response = get_response(request)
  File "C:\Users\tassi\AppData\Local\Packages\PythonSoftwareFoundation.Python.3.13_qbz5n2kfra8p0\LocalCache\local-packages\Python313\site-packages\django\core\handlers\base.py", line 197, in _get_response
    response = wrapped_callback(request, *callback_args, **callback_kwargs)
  File "C:\Users\tassi\AppData\Local\Packages\PythonSoftwareFoundation.Python.3.13_qbz5n2kfra8p0\LocalCache\local-packages\Python313\site-packages\django\contrib\auth\decorators.py", line 60, in _view_wrapper
    return view_func(request, *args, **kwargs)

  File "C:\dev\MeuPortfolio\finanças\core\views_dashboard.py", line 69, in dashboard
    this_month = _month_outlook(user, flt, anchor if flt.preset == "month" else t.replace(day=1))

UnboundLocalError: cannot access local variable 'anchor' where it is not associated with a value
2026-09-27 12:57:22.566 | ERROR    | logging:callHandlers:1737 - Internal Server Error: /
Traceback (most recent call last):

  File "C:\dev\MeuPortfolio\finanças\manage.py", line 22, in <module>
    main()

  File "C:\dev\MeuPortfolio\finanças\manage.py", line 18, in main
    execute_from_command_line(sys.argv)

  File "C:\Users\tassi\AppData\Local\Packages\PythonSoftwareFoundation.Python.3.13_qbz5n2kfra8p0\LocalCache\local-packages\Python313\site-packages\django\core\management\__init__.py", line 442, in execute_from_command_line
    utility.execute()
  File "C:\Users\tassi\AppData\Local\Packages\PythonSoftwareFoundation.Python.3.13_qbz5n2kfra8p0\LocalCache\local-packages\Python313\site-packages\django\core\management\__init__.py", line 436, in execute
    self.fetch_command(subcommand).run_from_argv(self.argv)
  File "C:\Users\tassi\AppData\Local\Packages\PythonSoftwareFoundation.Python.3.13_qbz5n2kfra8p0\LocalCache\local-packages\Python313\site-packages\django\core\management\commands\test.py", line 24, in run_from_argv
    super().run_from_argv(argv)
  File "C:\Users\tassi\AppData\Local\Packages\PythonSoftwareFoundation.Python.3.13_qbz5n2kfra8p0\LocalCache\local-packages\Python313\site-packages\django\core\management\base.py", line 413, in run_from_argv
    self.execute(*args, **cmd_options)
  File "C:\Users\tassi\AppData\Local\Packages\PythonSoftwareFoundation.Python.3.13_qbz5n2kfra8p0\LocalCache\local-packages\Python313\site-packages\django\core\management\base.py", line 459, in execute
    output = self.handle(*args, **options)
  File "C:\Users\tassi\AppData\Local\Packages\PythonSoftwareFoundation.Python.3.13_qbz5n2kfra8p0\LocalCache\local-packages\Python313\site-packages\django\core\management\commands\test.py", line 63, in handle
    failures = test_runner.run_tests(test_labels)
  File "C:\Users\tassi\AppData\Local\Packages\PythonSoftwareFoundation.Python.3.13_qbz5n2kfra8p0\LocalCache\local-packages\Python313\site-packages\django\test\runner.py", line 1073, in run_tests
    result = self.run_suite(suite)
  File "C:\Users\tassi\AppData\Local\Packages\PythonSoftwareFoundation.Python.3.13_qbz5n2kfra8p0\LocalCache\local-packages\Python313\site-packages\django\test\runner.py", line 1000, in run_suite
    return runner.run(suite)
  File "C:\Program Files\WindowsApps\PythonSoftwareFoundation.Python.3.13_3.13.3824.0_x64__qbz5n2kfra8p0\Lib\unittest\runner.py", line 240, in run
    test(result)
  File "C:\Program Files\WindowsApps\PythonSoftwareFoundation.Python.3.13_3.13.3824.0_x64__qbz5n2kfra8p0\Lib\unittest\suite.py", line 84, in __call__
    return self.run(*args, **kwds)
  File "C:\Program Files\WindowsApps\PythonSoftwareFoundation.Python.3.13_3.13.3824.0_x64__qbz5n2kfra8p0\Lib\unittest\suite.py", line 122, in run
    test(result)
  File "C:\Users\tassi\AppData\Local\Packages\PythonSoftwareFoundation.Python.3.13_qbz5n2kfra8p0\LocalCache\local-packages\Python313\site-packages\django\test\testcases.py", line 317, in __call__
    self._setup_and_call(result)
  File "C:\Users\tassi\AppData\Local\Packages\PythonSoftwareFoundation.Python.3.13_qbz5n2kfra8p0\LocalCache\local-packages\Python313\site-packages\django\test\testcases.py", line 369, in _setup_and_call
    super().__call__(result)
  File "C:\Program Files\WindowsApps\PythonSoftwareFoundation.Python.3.13_3.13.3824.0_x64__qbz5n2kfra8p0\Lib\unittest\case.py", line 707, in __call__
    return self.run(*args, **kwds)
  File "C:\Program Files\WindowsApps\PythonSoftwareFoundation.Python.3.13_3.13.3824.0_x64__qbz5n2kfra8p0\Lib\unittest\case.py", line 651, in run
    self._callTestMethod(testMethod)
  File "C:\Program Files\WindowsApps\PythonSoftwareFoundation.Python.3.13_3.13.3824.0_x64__qbz5n2kfra8p0\Lib\unittest\case.py", line 606, in _callTestMethod
    if method() is not None:

  File "C:\dev\MeuPortfolio\finanças\core\tests_settings.py", line 10, in test_non_staff_user_is_redirected_away
    response = self.client.get(reverse("settings"), follow=True)

  File "C:\Users\tassi\AppData\Local\Packages\PythonSoftwareFoundation.Python.3.13_qbz5n2kfra8p0\LocalCache\local-packages\Python313\site-packages\django\test\client.py", line 1138, in get
    response = self._handle_redirects(
  File "C:\Users\tassi\AppData\Local\Packages\PythonSoftwareFoundation.Python.3.13_qbz5n2kfra8p0\LocalCache\local-packages\Python313\site-packages\django\test\client.py", line 1389, in _handle_redirects
    response = self._follow_redirect(
  File "C:\Users\tassi\AppData\Local\Packages\PythonSoftwareFoundation.Python.3.13_qbz5n2kfra8p0\LocalCache\local-packages\Python313\site-packages\django\test\client.py", line 1007, in _follow_redirect
    return request_method(
  File "C:\Users\tassi\AppData\Local\Packages\PythonSoftwareFoundation.Python.3.13_qbz5n2kfra8p0\LocalCache\local-packages\Python313\site-packages\django\test\client.py", line 1129, in get
    response = super().get(
  File "C:\Users\tassi\AppData\Local\Packages\PythonSoftwareFoundation.Python.3.13_qbz5n2kfra8p0\LocalCache\local-packages\Python313\site-packages\django\test\client.py", line 479, in get
    return self.generic(
  File "C:\Users\tassi\AppData\Local\Packages\PythonSoftwareFoundation.Python.3.13_qbz5n2kfra8p0\LocalCache\local-packages\Python313\site-packages\django\test\client.py", line 676, in generic
    return self.request(**r)
  File "C:\Users\tassi\AppData\Local\Packages\PythonSoftwareFoundation.Python.3.13_qbz5n2kfra8p0\LocalCache\local-packages\Python313\site-packages\django\test\client.py", line 1087, in request
    response = self.handler(environ)
  File "C:\Users\tassi\AppData\Local\Packages\PythonSoftwareFoundation.Python.3.13_qbz5n2kfra8p0\LocalCache\local-packages\Python313\site-packages\django\test\client.py", line 186, in __call__
    response = self.get_response(request)
  File "C:\Users\tassi\AppData\Local\Packages\PythonSoftwareFoundation.Python.3.13_qbz5n2kfra8p0\LocalCache\local-packages\Python313\site-packages\django\core\handlers\base.py", line 140, in get_response
    response = self._middleware_chain(request)
  File "C:\Users\tassi\AppData\Local\Packages\PythonSoftwareFoundation.Python.3.13_qbz5n2kfra8p0\LocalCache\local-packages\Python313\site-packages\django\core\handlers\exception.py", line 55, in inner
    response = get_response(request)
  File "C:\Users\tassi\AppData\Local\Packages\PythonSoftwareFoundation.Python.3.13_qbz5n2kfra8p0\LocalCache\local-packages\Python313\site-packages\django\utils\deprecation.py", line 129, in __call__
    response = response or self.get_response(request)
  File "C:\Users\tassi\AppData\Local\Packages\PythonSoftwareFoundation.Python.3.13_qbz5n2kfra8p0\LocalCache\local-packages\Python313\site-packages\django\core\handlers\exception.py", line 55, in inner
    response = get_response(request)
  File "C:\Users\tassi\AppData\Local\Packages\PythonSoftwareFoundation.Python.3.13_qbz5n2kfra8p0\LocalCache\local-packages\Python313\site-packages\whitenoise\middleware.py", line 123, in __call__
    return self.get_response(request)
  File "C:\Users\tassi\AppData\Local\Packages\PythonSoftwareFoundation.Python.3.13_qbz5n2kfra8p0\LocalCache\local-packages\Python313\site-packages\django\core\handlers\exception.py", line 55, in inner
    response = get_response(request)
  File "C:\Users\tassi\AppData\Local\Packages\PythonSoftwareFoundation.Python.3.13_qbz5n2kfra8p0\LocalCache\local-packages\Python313\site-packages\django\utils\deprecation.py", line 129, in __call__
    response = response or self.get_response(request)
  File "C:\Users\tassi\AppData\Local\Packages\PythonSoftwareFoundation.Python.3.13_qbz5n2kfra8p0\LocalCache\local-packages\Python313\site-packages\django\core\handlers\exception.py", line 55, in inner
    response = get_response(request)
  File "C:\Users\tassi\AppData\Local\Packages\PythonSoftwareFoundation.Python.3.13_qbz5n2kfra8p0\LocalCache\local-packages\Python313\site-packages\django\utils\deprecation.py", line 129, in __call__
    response = response or self.get_response(request)
  File "C:\Users\tassi\AppData\Local\Packages\PythonSoftwareFoundation.Python.3.13_qbz5n2kfra8p0\LocalCache\local-packages\Python313\site-packages\django\core\handlers\exception.py", line 55, in inner
    response = get_response(request)
  File "C:\Users\tassi\AppData\Local\Packages\PythonSoftwareFoundation.Python.3.13_qbz5n2kfra8p0\LocalCache\local-packages\Python313\site-packages\django\utils\deprecation.py", line 129, in __call__
    response = response or self.get_response(request)
  File "C:\Users\tassi\AppData\Local\Packages\PythonSoftwareFoundation.Python.3.13_qbz5n2kfra8p0\LocalCache\local-packages\Python313\site-packages\django\core\handlers\exception.py", line 55, in inner
    response = get_response(request)
  File "C:\Users\tassi\AppData\Local\Packages\PythonSoftwareFoundation.Python.3.13_qbz5n2kfra8p0\LocalCache\local-packages\Python313\site-packages\django\utils\deprecation.py", line 129, in __call__
    response = response or self.get_response(request)
  File "C:\Users\tassi\AppData\Local\Packages\PythonSoftwareFoundation.Python.3.13_qbz5n2kfra8p0\LocalCache\local-packages\Python313\site-packages\django\core\handlers\exception.py", line 55, in inner
    response = get_response(request)
  File "C:\Users\tassi\AppData\Local\Packages\PythonSoftwareFoundation.Python.3.13_qbz5n2kfra8p0\LocalCache\local-packages\Python313\site-packages\django\utils\deprecation.py", line 129, in __call__
    response = response or self.get_response(request)
  File "C:\Users\tassi\AppData\Local\Packages\PythonSoftwareFoundation.Python.3.13_qbz5n2kfra8p0\LocalCache\local-packages\Python313\site-packages\django\core\handlers\exception.py", line 55, in inner
    response = get_response(request)
  File "C:\Users\tassi\AppData\Local\Packages\PythonSoftwareFoundation.Python.3.13_qbz5n2kfra8p0\LocalCache\local-packages\Python313\site-packages\django\utils\deprecation.py", line 129, in __call__
    response = response or self.get_response(request)
> File "C:\Users\tassi\AppData\Local\Packages\PythonSoftwareFoundation.Python.3.13_qbz5n2kfra8p0\LocalCache\local-packages\Python313\site-packages\django\core\handlers\exception.py", line 55, in inner
    response = get_response(request)
  File "C:\Users\tassi\AppData\Local\Packages\PythonSoftwareFoundation.Python.3.13_qbz5n2kfra8p0\LocalCache\local-packages\Python313\site-packages\django\core\handlers\base.py", line 197, in _get_response
    response = wrapped_callback(request, *callback_args, **callback_kwargs)
  File "C:\Users\tassi\AppData\Local\Packages\PythonSoftwareFoundation.Python.3.13_qbz5n2kfra8p0\LocalCache\local-packages\Python313\site-packages\django\contrib\auth\decorators.py", line 60, in _view_wrapper
    return view_func(request, *args, **kwargs)

  File "C:\dev\MeuPortfolio\finanças\core\views_dashboard.py", line 69, in dashboard
    this_month = _month_outlook(user, flt, anchor if flt.preset == "month" else t.replace(day=1))

UnboundLocalError: cannot access local variable 'anchor' where it is not associated with a value
2026-09-27 12:57:22.708 | WARNING  | logging:callHandlers:1737 - Method Not Allowed (GET): /transactions/bulk-delete/
2026-09-27 12:57:34.070 | INFO     | core.views_reports:reports:35 - Generating reports for user testuser
2026-09-27 12:57:34.883 | ERROR    | logging:callHandlers:1737 - Internal Server Error: /loans/1/pay/
Traceback (most recent call last):

  File "C:\dev\MeuPortfolio\finanças\manage.py", line 22, in <module>
    main()

  File "C:\dev\MeuPortfolio\finanças\manage.py", line 18, in main
    execute_from_command_line(sys.argv)

  File "C:\Users\tassi\AppData\Local\Packages\PythonSoftwareFoundation.Python.3.13_qbz5n2kfra8p0\LocalCache\local-packages\Python313\site-packages\django\core\management\__init__.py", line 442, in execute_from_command_line
    utility.execute()
  File "C:\Users\tassi\AppData\Local\Packages\PythonSoftwareFoundation.Python.3.13_qbz5n2kfra8p0\LocalCache\local-packages\Python313\site-packages\django\core\management\__init__.py", line 436, in execute
    self.fetch_command(subcommand).run_from_argv(self.argv)
  File "C:\Users\tassi\AppData\Local\Packages\PythonSoftwareFoundation.Python.3.13_qbz5n2kfra8p0\LocalCache\local-packages\Python313\site-packages\django\core\management\commands\test.py", line 24, in run_from_argv
    super().run_from_argv(argv)
  File "C:\Users\tassi\AppData\Local\Packages\PythonSoftwareFoundation.Python.3.13_qbz5n2kfra8p0\LocalCache\local-packages\Python313\site-packages\django\core\management\base.py", line 413, in run_from_argv
    self.execute(*args, **cmd_options)
  File "C:\Users\tassi\AppData\Local\Packages\PythonSoftwareFoundation.Python.3.13_qbz5n2kfra8p0\LocalCache\local-packages\Python313\site-packages\django\core\management\base.py", line 459, in execute
    output = self.handle(*args, **options)
  File "C:\Users\tassi\AppData\Local\Packages\PythonSoftwareFoundation.Python.3.13_qbz5n2kfra8p0\LocalCache\local-packages\Python313\site-packages\django\core\management\commands\test.py", line 63, in handle
    failures = test_runner.run_tests(test_labels)
  File "C:\Users\tassi\AppData\Local\Packages\PythonSoftwareFoundation.Python.3.13_qbz5n2kfra8p0\LocalCache\local-packages\Python313\site-packages\django\test\runner.py", line 1073, in run_tests
    result = self.run_suite(suite)
  File "C:\Users\tassi\AppData\Local\Packages\PythonSoftwareFoundation.Python.3.13_qbz5n2kfra8p0\LocalCache\local-packages\Python313\site-packages\django\test\runner.py", line 1000, in run_suite
    return runner.run(suite)
  File "C:\Program Files\WindowsApps\PythonSoftwareFoundation.Python.3.13_3.13.3824.0_x64__qbz5n2kfra8p0\Lib\unittest\runner.py", line 240, in run
    test(result)
  File "C:\Program Files\WindowsApps\PythonSoftwareFoundation.Python.3.13_3.13.3824.0_x64__qbz5n2kfra8p0\Lib\unittest\suite.py", line 84, in __call__
    return self.run(*args, **kwds)
  File "C:\Program Files\WindowsApps\PythonSoftwareFoundation.Python.3.13_3.13.3824.0_x64__qbz5n2kfra8p0\Lib\unittest\suite.py", line 122, in run
    test(result)
  File "C:\Users\tassi\AppData\Local\Packages\PythonSoftwareFoundation.Python.3.13_qbz5n2kfra8p0\LocalCache\local-packages\Python313\site-packages\django\test\testcases.py", line 317, in __call__
    self._setup_and_call(result)
  File "C:\Users\tassi\AppData\Local\Packages\PythonSoftwareFoundation.Python.3.13_qbz5n2kfra8p0\LocalCache\local-packages\Python313\site-packages\django\test\testcases.py", line 369, in _setup_and_call
    super().__call__(result)
  File "C:\Program Files\WindowsApps\PythonSoftwareFoundation.Python.3.13_3.13.3824.0_x64__qbz5n2kfra8p0\Lib\unittest\case.py", line 707, in __call__
    return self.run(*args, **kwds)
  File "C:\Program Files\WindowsApps\PythonSoftwareFoundation.Python.3.13_3.13.3824.0_x64__qbz5n2kfra8p0\Lib\unittest\case.py", line 651, in run
    self._callTestMethod(testMethod)
  File "C:\Program Files\WindowsApps\PythonSoftwareFoundation.Python.3.13_3.13.3824.0_x64__qbz5n2kfra8p0\Lib\unittest\case.py", line 606, in _callTestMethod
    if method() is not None:

  File "C:\dev\MeuPortfolio\finanças\core\tests_atomicity.py", line 50, in test_failed_payment_does_not_change_loan_balance
    self.client.post(reverse("loan_pay", args=[self.loan.pk]), {

  File "C:\Users\tassi\AppData\Local\Packages\PythonSoftwareFoundation.Python.3.13_qbz5n2kfra8p0\LocalCache\local-packages\Python313\site-packages\django\test\client.py", line 1158, in post
    response = super().post(
  File "C:\Users\tassi\AppData\Local\Packages\PythonSoftwareFoundation.Python.3.13_qbz5n2kfra8p0\LocalCache\local-packages\Python313\site-packages\django\test\client.py", line 503, in post
    return self.generic(
  File "C:\Users\tassi\AppData\Local\Packages\PythonSoftwareFoundation.Python.3.13_qbz5n2kfra8p0\LocalCache\local-packages\Python313\site-packages\django\test\client.py", line 676, in generic
    return self.request(**r)
  File "C:\Users\tassi\AppData\Local\Packages\PythonSoftwareFoundation.Python.3.13_qbz5n2kfra8p0\LocalCache\local-packages\Python313\site-packages\django\test\client.py", line 1087, in request
    response = self.handler(environ)
  File "C:\Users\tassi\AppData\Local\Packages\PythonSoftwareFoundation.Python.3.13_qbz5n2kfra8p0\LocalCache\local-packages\Python313\site-packages\django\test\client.py", line 186, in __call__
    response = self.get_response(request)
  File "C:\Users\tassi\AppData\Local\Packages\PythonSoftwareFoundation.Python.3.13_qbz5n2kfra8p0\LocalCache\local-packages\Python313\site-packages\django\core\handlers\base.py", line 140, in get_response
    response = self._middleware_chain(request)
  File "C:\Users\tassi\AppData\Local\Packages\PythonSoftwareFoundation.Python.3.13_qbz5n2kfra8p0\LocalCache\local-packages\Python313\site-packages\django\core\handlers\exception.py", line 55, in inner
    response = get_response(request)
  File "C:\Users\tassi\AppData\Local\Packages\PythonSoftwareFoundation.Python.3.13_qbz5n2kfra8p0\LocalCache\local-packages\Python313\site-packages\django\utils\deprecation.py", line 129, in __call__
    response = response or self.get_response(request)
  File "C:\Users\tassi\AppData\Local\Packages\PythonSoftwareFoundation.Python.3.13_qbz5n2kfra8p0\LocalCache\local-packages\Python313\site-packages\django\core\handlers\exception.py", line 55, in inner
    response = get_response(request)
  File "C:\Users\tassi\AppData\Local\Packages\PythonSoftwareFoundation.Python.3.13_qbz5n2kfra8p0\LocalCache\local-packages\Python313\site-packages\whitenoise\middleware.py", line 123, in __call__
    return self.get_response(request)
  File "C:\Users\tassi\AppData\Local\Packages\PythonSoftwareFoundation.Python.3.13_qbz5n2kfra8p0\LocalCache\local-packages\Python313\site-packages\django\core\handlers\exception.py", line 55, in inner
    response = get_response(request)
  File "C:\Users\tassi\AppData\Local\Packages\PythonSoftwareFoundation.Python.3.13_qbz5n2kfra8p0\LocalCache\local-packages\Python313\site-packages\django\utils\deprecation.py", line 129, in __call__
    response = response or self.get_response(request)
  File "C:\Users\tassi\AppData\Local\Packages\PythonSoftwareFoundation.Python.3.13_qbz5n2kfra8p0\LocalCache\local-packages\Python313\site-packages\django\core\handlers\exception.py", line 55, in inner
    response = get_response(request)
  File "C:\Users\tassi\AppData\Local\Packages\PythonSoftwareFoundation.Python.3.13_qbz5n2kfra8p0\LocalCache\local-packages\Python313\site-packages\django\utils\deprecation.py", line 129, in __call__
    response = response or self.get_response(request)
  File "C:\Users\tassi\AppData\Local\Packages\PythonSoftwareFoundation.Python.3.13_qbz5n2kfra8p0\LocalCache\local-packages\Python313\site-packages\django\core\handlers\exception.py", line 55, in inner
    response = get_response(request)
  File "C:\Users\tassi\AppData\Local\Packages\PythonSoftwareFoundation.Python.3.13_qbz5n2kfra8p0\LocalCache\local-packages\Python313\site-packages\django\utils\deprecation.py", line 129, in __call__
    response = response or self.get_response(request)
  File "C:\Users\tassi\AppData\Local\Packages\PythonSoftwareFoundation.Python.3.13_qbz5n2kfra8p0\LocalCache\local-packages\Python313\site-packages\django\core\handlers\exception.py", line 55, in inner
    response = get_response(request)
  File "C:\Users\tassi\AppData\Local\Packages\PythonSoftwareFoundation.Python.3.13_qbz5n2kfra8p0\LocalCache\local-packages\Python313\site-packages\django\utils\deprecation.py", line 129, in __call__
    response = response or self.get_response(request)
  File "C:\Users\tassi\AppData\Local\Packages\PythonSoftwareFoundation.Python.3.13_qbz5n2kfra8p0\LocalCache\local-packages\Python313\site-packages\django\core\handlers\exception.py", line 55, in inner
    response = get_response(request)
  File "C:\Users\tassi\AppData\Local\Packages\PythonSoftwareFoundation.Python.3.13_qbz5n2kfra8p0\LocalCache\local-packages\Python313\site-packages\django\utils\deprecation.py", line 129, in __call__
    response = response or self.get_response(request)
  File "C:\Users\tassi\AppData\Local\Packages\PythonSoftwareFoundation.Python.3.13_qbz5n2kfra8p0\LocalCache\local-packages\Python313\site-packages\django\core\handlers\exception.py", line 55, in inner
    response = get_response(request)
  File "C:\Users\tassi\AppData\Local\Packages\PythonSoftwareFoundation.Python.3.13_qbz5n2kfra8p0\LocalCache\local-packages\Python313\site-packages\django\utils\deprecation.py", line 129, in __call__
    response = response or self.get_response(request)
> File "C:\Users\tassi\AppData\Local\Packages\PythonSoftwareFoundation.Python.3.13_qbz5n2kfra8p0\LocalCache\local-packages\Python313\site-packages\django\core\handlers\exception.py", line 55, in inner
    response = get_response(request)
  File "C:\Users\tassi\AppData\Local\Packages\PythonSoftwareFoundation.Python.3.13_qbz5n2kfra8p0\LocalCache\local-packages\Python313\site-packages\django\core\handlers\base.py", line 197, in _get_response
    response = wrapped_callback(request, *callback_args, **callback_kwargs)
  File "C:\Users\tassi\AppData\Local\Packages\PythonSoftwareFoundation.Python.3.13_qbz5n2kfra8p0\LocalCache\local-packages\Python313\site-packages\django\contrib\auth\decorators.py", line 60, in _view_wrapper
    return view_func(request, *args, **kwargs)

  File "C:\dev\MeuPortfolio\finanças\core\views_loans.py", line 224, in loan_make_payment
    AuditLog.objects.create(

  File "C:\Program Files\WindowsApps\PythonSoftwareFoundation.Python.3.13_3.13.3824.0_x64__qbz5n2kfra8p0\Lib\unittest\mock.py", line 1169, in __call__
    return self._mock_call(*args, **kwargs)
  File "C:\Program Files\WindowsApps\PythonSoftwareFoundation.Python.3.13_3.13.3824.0_x64__qbz5n2kfra8p0\Lib\unittest\mock.py", line 1173, in _mock_call
    return self._execute_mock_call(*args, **kwargs)
  File "C:\Program Files\WindowsApps\PythonSoftwareFoundation.Python.3.13_3.13.3824.0_x64__qbz5n2kfra8p0\Lib\unittest\mock.py", line 1234, in _execute_mock_call
    raise effect

RuntimeError: boom
2026-09-27 12:57:34.920 | ERROR    | logging:callHandlers:1737 - Internal Server Error: /accounts/transfer/
Traceback (most recent call last):

  File "C:\dev\MeuPortfolio\finanças\manage.py", line 22, in <module>
    main()

  File "C:\dev\MeuPortfolio\finanças\manage.py", line 18, in main
    execute_from_command_line(sys.argv)

  File "C:\Users\tassi\AppData\Local\Packages\PythonSoftwareFoundation.Python.3.13_qbz5n2kfra8p0\LocalCache\local-packages\Python313\site-packages\django\core\management\__init__.py", line 442, in execute_from_command_line
    utility.execute()
  File "C:\Users\tassi\AppData\Local\Packages\PythonSoftwareFoundation.Python.3.13_qbz5n2kfra8p0\LocalCache\local-packages\Python313\site-packages\django\core\management\__init__.py", line 436, in execute
    self.fetch_command(subcommand).run_from_argv(self.argv)
  File "C:\Users\tassi\AppData\Local\Packages\PythonSoftwareFoundation.Python.3.13_qbz5n2kfra8p0\LocalCache\local-packages\Python313\site-packages\django\core\management\commands\test.py", line 24, in run_from_argv
    super().run_from_argv(argv)
  File "C:\Users\tassi\AppData\Local\Packages\PythonSoftwareFoundation.Python.3.13_qbz5n2kfra8p0\LocalCache\local-packages\Python313\site-packages\django\core\management\base.py", line 413, in run_from_argv
    self.execute(*args, **cmd_options)
  File "C:\Users\tassi\AppData\Local\Packages\PythonSoftwareFoundation.Python.3.13_qbz5n2kfra8p0\LocalCache\local-packages\Python313\site-packages\django\core\management\base.py", line 459, in execute
    output = self.handle(*args, **options)
  File "C:\Users\tassi\AppData\Local\Packages\PythonSoftwareFoundation.Python.3.13_qbz5n2kfra8p0\LocalCache\local-packages\Python313\site-packages\django\core\management\commands\test.py", line 63, in handle
    failures = test_runner.run_tests(test_labels)
  File "C:\Users\tassi\AppData\Local\Packages\PythonSoftwareFoundation.Python.3.13_qbz5n2kfra8p0\LocalCache\local-packages\Python313\site-packages\django\test\runner.py", line 1073, in run_tests
    result = self.run_suite(suite)
  File "C:\Users\tassi\AppData\Local\Packages\PythonSoftwareFoundation.Python.3.13_qbz5n2kfra8p0\LocalCache\local-packages\Python313\site-packages\django\test\runner.py", line 1000, in run_suite
    return runner.run(suite)
  File "C:\Program Files\WindowsApps\PythonSoftwareFoundation.Python.3.13_3.13.3824.0_x64__qbz5n2kfra8p0\Lib\unittest\runner.py", line 240, in run
    test(result)
  File "C:\Program Files\WindowsApps\PythonSoftwareFoundation.Python.3.13_3.13.3824.0_x64__qbz5n2kfra8p0\Lib\unittest\suite.py", line 84, in __call__
    return self.run(*args, **kwds)
  File "C:\Program Files\WindowsApps\PythonSoftwareFoundation.Python.3.13_3.13.3824.0_x64__qbz5n2kfra8p0\Lib\unittest\suite.py", line 122, in run
    test(result)
  File "C:\Users\tassi\AppData\Local\Packages\PythonSoftwareFoundation.Python.3.13_qbz5n2kfra8p0\LocalCache\local-packages\Python313\site-packages\django\test\testcases.py", line 317, in __call__
    self._setup_and_call(result)
  File "C:\Users\tassi\AppData\Local\Packages\PythonSoftwareFoundation.Python.3.13_qbz5n2kfra8p0\LocalCache\local-packages\Python313\site-packages\django\test\testcases.py", line 369, in _setup_and_call
    super().__call__(result)
  File "C:\Program Files\WindowsApps\PythonSoftwareFoundation.Python.3.13_3.13.3824.0_x64__qbz5n2kfra8p0\Lib\unittest\case.py", line 707, in __call__
    return self.run(*args, **kwds)
  File "C:\Program Files\WindowsApps\PythonSoftwareFoundation.Python.3.13_3.13.3824.0_x64__qbz5n2kfra8p0\Lib\unittest\case.py", line 651, in run
    self._callTestMethod(testMethod)
  File "C:\Program Files\WindowsApps\PythonSoftwareFoundation.Python.3.13_3.13.3824.0_x64__qbz5n2kfra8p0\Lib\unittest\case.py", line 606, in _callTestMethod
    if method() is not None:

  File "C:\dev\MeuPortfolio\finanças\core\tests_atomicity.py", line 22, in test_failed_transfer_does_not_partially_update_balances
    self.client.post(reverse("transfer_create"), {

  File "C:\Users\tassi\AppData\Local\Packages\PythonSoftwareFoundation.Python.3.13_qbz5n2kfra8p0\LocalCache\local-packages\Python313\site-packages\django\test\client.py", line 1158, in post
    response = super().post(
  File "C:\Users\tassi\AppData\Local\Packages\PythonSoftwareFoundation.Python.3.13_qbz5n2kfra8p0\LocalCache\local-packages\Python313\site-packages\django\test\client.py", line 503, in post
    return self.generic(
  File "C:\Users\tassi\AppData\Local\Packages\PythonSoftwareFoundation.Python.3.13_qbz5n2kfra8p0\LocalCache\local-packages\Python313\site-packages\django\test\client.py", line 676, in generic
    return self.request(**r)
  File "C:\Users\tassi\AppData\Local\Packages\PythonSoftwareFoundation.Python.3.13_qbz5n2kfra8p0\LocalCache\local-packages\Python313\site-packages\django\test\client.py", line 1087, in request
    response = self.handler(environ)
  File "C:\Users\tassi\AppData\Local\Packages\PythonSoftwareFoundation.Python.3.13_qbz5n2kfra8p0\LocalCache\local-packages\Python313\site-packages\django\test\client.py", line 186, in __call__
    response = self.get_response(request)
  File "C:\Users\tassi\AppData\Local\Packages\PythonSoftwareFoundation.Python.3.13_qbz5n2kfra8p0\LocalCache\local-packages\Python313\site-packages\django\core\handlers\base.py", line 140, in get_response
    response = self._middleware_chain(request)
  File "C:\Users\tassi\AppData\Local\Packages\PythonSoftwareFoundation.Python.3.13_qbz5n2kfra8p0\LocalCache\local-packages\Python313\site-packages\django\core\handlers\exception.py", line 55, in inner
    response = get_response(request)
  File "C:\Users\tassi\AppData\Local\Packages\PythonSoftwareFoundation.Python.3.13_qbz5n2kfra8p0\LocalCache\local-packages\Python313\site-packages\django\utils\deprecation.py", line 129, in __call__
    response = response or self.get_response(request)
  File "C:\Users\tassi\AppData\Local\Packages\PythonSoftwareFoundation.Python.3.13_qbz5n2kfra8p0\LocalCache\local-packages\Python313\site-packages\django\core\handlers\exception.py", line 55, in inner
    response = get_response(request)
  File "C:\Users\tassi\AppData\Local\Packages\PythonSoftwareFoundation.Python.3.13_qbz5n2kfra8p0\LocalCache\local-packages\Python313\site-packages\whitenoise\middleware.py", line 123, in __call__
    return self.get_response(request)
  File "C:\Users\tassi\AppData\Local\Packages\PythonSoftwareFoundation.Python.3.13_qbz5n2kfra8p0\LocalCache\local-packages\Python313\site-packages\django\core\handlers\exception.py", line 55, in inner
    response = get_response(request)
  File "C:\Users\tassi\AppData\Local\Packages\PythonSoftwareFoundation.Python.3.13_qbz5n2kfra8p0\LocalCache\local-packages\Python313\site-packages\django\utils\deprecation.py", line 129, in __call__
    response = response or self.get_response(request)
  File "C:\Users\tassi\AppData\Local\Packages\PythonSoftwareFoundation.Python.3.13_qbz5n2kfra8p0\LocalCache\local-packages\Python313\site-packages\django\core\handlers\exception.py", line 55, in inner
    response = get_response(request)
  File "C:\Users\tassi\AppData\Local\Packages\PythonSoftwareFoundation.Python.3.13_qbz5n2kfra8p0\LocalCache\local-packages\Python313\site-packages\django\utils\deprecation.py", line 129, in __call__
    response = response or self.get_response(request)
  File "C:\Users\tassi\AppData\Local\Packages\PythonSoftwareFoundation.Python.3.13_qbz5n2kfra8p0\LocalCache\local-packages\Python313\site-packages\django\core\handlers\exception.py", line 55, in inner
    response = get_response(request)
  File "C:\Users\tassi\AppData\Local\Packages\PythonSoftwareFoundation.Python.3.13_qbz5n2kfra8p0\LocalCache\local-packages\Python313\site-packages\django\utils\deprecation.py", line 129, in __call__
    response = response or self.get_response(request)
  File "C:\Users\tassi\AppData\Local\Packages\PythonSoftwareFoundation.Python.3.13_qbz5n2kfra8p0\LocalCache\local-packages\Python313\site-packages\django\core\handlers\exception.py", line 55, in inner
    response = get_response(request)
  File "C:\Users\tassi\AppData\Local\Packages\PythonSoftwareFoundation.Python.3.13_qbz5n2kfra8p0\LocalCache\local-packages\Python313\site-packages\django\utils\deprecation.py", line 129, in __call__
    response = response or self.get_response(request)
  File "C:\Users\tassi\AppData\Local\Packages\PythonSoftwareFoundation.Python.3.13_qbz5n2kfra8p0\LocalCache\local-packages\Python313\site-packages\django\core\handlers\exception.py", line 55, in inner
    response = get_response(request)
  File "C:\Users\tassi\AppData\Local\Packages\PythonSoftwareFoundation.Python.3.13_qbz5n2kfra8p0\LocalCache\local-packages\Python313\site-packages\django\utils\deprecation.py", line 129, in __call__
    response = response or self.get_response(request)
  File "C:\Users\tassi\AppData\Local\Packages\PythonSoftwareFoundation.Python.3.13_qbz5n2kfra8p0\LocalCache\local-packages\Python313\site-packages\django\core\handlers\exception.py", line 55, in inner
    response = get_response(request)
  File "C:\Users\tassi\AppData\Local\Packages\PythonSoftwareFoundation.Python.3.13_qbz5n2kfra8p0\LocalCache\local-packages\Python313\site-packages\django\utils\deprecation.py", line 129, in __call__
    response = response or self.get_response(request)
> File "C:\Users\tassi\AppData\Local\Packages\PythonSoftwareFoundation.Python.3.13_qbz5n2kfra8p0\LocalCache\local-packages\Python313\site-packages\django\core\handlers\exception.py", line 55, in inner
    response = get_response(request)
  File "C:\Users\tassi\AppData\Local\Packages\PythonSoftwareFoundation.Python.3.13_qbz5n2kfra8p0\LocalCache\local-packages\Python313\site-packages\django\core\handlers\base.py", line 197, in _get_response
    response = wrapped_callback(request, *callback_args, **callback_kwargs)
  File "C:\Users\tassi\AppData\Local\Packages\PythonSoftwareFoundation.Python.3.13_qbz5n2kfra8p0\LocalCache\local-packages\Python313\site-packages\django\contrib\auth\decorators.py", line 60, in _view_wrapper
    return view_func(request, *args, **kwargs)

  File "C:\dev\MeuPortfolio\finanças\core\views_accounts.py", line 85, in transfer_create
    AuditLog.objects.create(

  File "C:\Program Files\WindowsApps\PythonSoftwareFoundation.Python.3.13_3.13.3824.0_x64__qbz5n2kfra8p0\Lib\unittest\mock.py", line 1169, in __call__
    return self._mock_call(*args, **kwargs)
  File "C:\Program Files\WindowsApps\PythonSoftwareFoundation.Python.3.13_3.13.3824.0_x64__qbz5n2kfra8p0\Lib\unittest\mock.py", line 1173, in _mock_call
    return self._execute_mock_call(*args, **kwargs)
  File "C:\Program Files\WindowsApps\PythonSoftwareFoundation.Python.3.13_3.13.3824.0_x64__qbz5n2kfra8p0\Lib\unittest\mock.py", line 1234, in _execute_mock_call
    raise effect

RuntimeError: boom
2026-09-27 12:57:36.565 | WARNING  | logging:callHandlers:1737 - Not Found: /loans/1/payments/1/revert/
2026-09-27 12:57:36.643 | INFO     | core.views_loans:form_valid:114 - Loan 1 created for duda
2026-09-27 12:57:36.669 | INFO     | core.views_loans:form_valid:114 - Loan 1 created for duda
2026-09-27 12:57:37.257 | WARNING  | core.market_data:get_latest_indicator:48 - No data returned for BCB series 432; falling back to 0.0
2026-09-27 12:57:37.260 | WARNING  | core.forms:clean:246 - yfinance name lookup failed for PETR4.SA: yfinance down
2026-09-27 12:57:37.691 | WARNING  | logging:callHandlers:1737 - Method Not Allowed (GET): /transactions/bulk-delete/
2026-09-27 13:03:52.720 | INFO     | logging:callHandlers:1737 - Serving on http://0.0.0.0:8080
2026-09-27 13:08:03.254 | INFO     | logging:callHandlers:1737 - Serving on http://0.0.0.0:8080
2026-09-27 13:08:21.745 | INFO     | logging:callHandlers:1737 - Serving on http://0.0.0.0:8080
